route_id,direction_id,route_path_id,path_sequence,stop_lat,stop_lon,stop_id,stop_name,agency,route_short_name,route_long_name,route_type,route_color,route_text_color,peak_15min_weekday,day_15min_weekday,night_60min_weekday,allday_60min_weekend,census_tract_geoid,census_tract_name,county_fips,tract_code,route_score
36924,0,36924_0,5,47.239803,-122.428099,TAC,Tacoma,Amtrak,,,,,,NO,NO,NO,YES,53053060200,602,053,060200,Ok
36924,1,36924_1,2,47.239803,-122.428099,TAC,Tacoma,Amtrak,,,,,,NO,NO,NO,YES,53053060200,602,053,060200,Ok
60,0,60_0,5,47.239803,-122.428099,TAC,Tacoma,Amtrak,,,,,,NO,NO,NO,YES,53053060200,602,053,060200,Acceptable
60,1,60_1,3,47.239803,-122.428099,TAC,Tacoma,Amtrak,,,,,,NO,NO,NO,YES,53053060200,602,053,060200,Ok
100073,0,100073_0,22,47.282856,-122.364265,61478,29th St NE & 62nd Ave NE,Metro Transit,,,,,,NO,NO,NO,YES,53053940005,9400.05,053,940005,Good
100073,0,100073_0,23,47.2831345,-122.367149,61423,Norpoint Way NE & 29th St NE,Metro Transit,,,,,,NO,NO,NO,YES,53053940005,9400.05,053,940005,Good
100073,0,100073_0,24,47.2864723,-122.370522,61427,Norpoint Way NE & 57th Ave NE,Metro Transit,,,,,,NO,NO,NO,YES,53053940005,9400.05,053,940005,Good
100073,0,100073_0,25,47.2864838,-122.37603,61433,Norpoint Way NE & 53rd Ave NE,Metro Transit,,,,,,NO,NO,NO,YES,53053940005,9400.05,053,940005,Good
100073,0,100073_0,26,47.2864952,-122.38163,61428,Norpoint Way NE & 49th Ave NE,Metro Transit,,,,,,NO,NO,NO,YES,53053940005,9400.05,053,940005,Good
100073,0,100073_0,27,47.2868843,-122.382118,61453,49th Ave NE & Norpoint Way NE,Metro Transit,,,,,,NO,NO,NO,YES,53053940005,9400.05,053,940005,Good
100073,0,100073_0,28,47.290802,-122.382095,61454,49th Ave NE & 38th St NE,Metro Transit,,,,,,NO,NO,NO,YES,53053940005,9400.05,053,940005,Good
100073,0,100073_0,29,47.2948532,-122.38205,61999,49th Ave NE & 42nd St NE,Metro Transit,,,,,,NO,NO,NO,YES,53053940005,9400.05,053,940005,Good
100073,1,100073_1,1,47.2948532,-122.38205,61999,49th Ave NE & 42nd St NE,Metro Transit,,,,,,NO,NO,NO,YES,53053940005,9400.05,053,940005,Good
100073,1,100073_1,2,47.2971649,-122.387558,61996,45th Ave NE & 45th St NE,Metro Transit,,,,,,NO,NO,NO,YES,53053940008,9400.08,053,940008,Good
100073,1,100073_1,3,47.2936058,-122.387093,61997,41st St NE & 45th Ave NE,Metro Transit,,,,,,NO,NO,NO,YES,53053940008,9400.08,053,940008,Good
100073,1,100073_1,4,47.2936592,-122.38237,61998,41st St NE & 49th Ave NE,Metro Transit,,,,,,NO,NO,NO,YES,53053940008,9400.08,053,940008,Good
100073,1,100073_1,5,47.2906303,-122.382309,61456,49th Ave NE & 38th St NE,Metro Transit,,,,,,NO,NO,NO,YES,53053940008,9400.08,053,940008,Good
100073,1,100073_1,6,47.2883644,-122.382324,61468,49th Ave NE & 35th St NE,Metro Transit,,,,,,NO,NO,NO,YES,53053940008,9400.08,053,940008,Good
100073,1,100073_1,7,47.2863617,-122.381424,61429,Norpoint Way NE & 49th Ave NE,Metro Transit,,,,,,NO,NO,NO,YES,53053940005,9400.05,053,940005,Good
100073,1,100073_1,8,47.2863464,-122.375839,61431,Norpoint Way NE & NE 53rd Pl,Metro Transit,,,,,,NO,NO,NO,YES,53053940005,9400.05,053,940005,Good
100073,1,100073_1,9,47.2863388,-122.370903,61425,Norpoint Way NE & 57th Ave NE,Metro Transit,,,,,,NO,NO,NO,YES,53053940005,9400.05,053,940005,Good
100073,1,100073_1,10,47.2843094,-122.367378,61421,Norpoint Way NE & 29th St NE,Metro Transit,,,,,,NO,NO,NO,YES,53053940005,9400.05,053,940005,Good
100073,1,100073_1,11,47.2827225,-122.364243,61493,29th St NE & 62nd Ave NE,Metro Transit,,,,,,NO,NO,NO,YES,53053940005,9400.05,053,940005,Good
1,0,1_0,1,47.243527,-122.525946,21143,TCC TC - Zone F,Pierce Transit,,,,,,NO,NO,YES,YES,53053061002,610.02,053,061002,Great
1,0,1_0,2,47.247388,-122.526243,1352,Mildred St S & 15th St S,Pierce Transit,,,,,,YES,YES,YES,YES,53053061002,610.02,053,061002,Great
1,0,1_0,3,47.25025,-122.526256,1347,Mildred St S & S 12th St,Pierce Transit,,,,,,YES,YES,YES,YES,53053061002,610.02,053,061002,Great
1,0,1_0,4,47.251994,-122.526289,1345,Mildred St S & S 10th St,Pierce Transit,,,,,,YES,YES,YES,YES,53053061002,610.02,053,061002,Great
1,0,1_0,5,47.25543,-122.5249,329,6th Ave & Mildred St,Pierce Transit,,,,,,YES,YES,YES,YES,53053061002,610.02,053,061002,Great
1,0,1_0,6,47.255395,-122.519352,308,6th Ave & bwtn Mildred & Pearl,Pierce Transit,,,,,,YES,YES,YES,YES,53053061002,610.02,053,061002,Great
1,0,1_0,7,47.255386,-122.517338,340,6th Ave & Pearl St,Pierce Transit,,,,,,NO,NO,YES,YES,53053061002,610.02,053,061002,Great
1,0,1_0,8,47.255357,-122.511915,347,6th Ave & Winnifred St,Pierce Transit,,,,,,NO,NO,YES,YES,53053061100,611,053,061100,Great
1,0,1_0,9,47.25533,-122.507793,323,6th Ave & Shirley St,Pierce Transit,,,,,,NO,NO,YES,YES,53053061100,611,053,061100,Great
1,0,1_0,10,47.255353,-122.505506,339,6th Ave & Orchard St,Pierce Transit,,,,,,NO,NO,YES,YES,53053061100,611,053,061100,Great
1,0,1_0,11,47.255286,-122.500504,335,6th Ave & Mullen St,Pierce Transit,,,,,,NO,NO,YES,YES,53053061100,611,053,061100,Great
1,0,1_0,12,47.25527,-122.495714,357,6th Ave & Stevens St,Pierce Transit,,,,,,NO,NO,YES,YES,53053061100,611,053,061100,Great
1,0,1_0,13,47.255223,-122.488244,344,6th Ave & Proctor St,Pierce Transit,,,,,,NO,NO,YES,YES,53053061100,611,053,061100,Great
1,0,1_0,14,47.255221,-122.484857,360,6th Ave & Washington St N,Pierce Transit,,,,,,NO,NO,YES,YES,53053061100,611,053,061100,Great
1,0,1_0,15,47.255211,-122.481815,7494,6th Ave & Puget Sound Ave S,Pierce Transit,,,,,,NO,NO,YES,YES,53053061200,612,053,061200,Great
1,0,1_0,16,47.255208,-122.477271,315,6th Ave & Alder St,Pierce Transit,,,,,,NO,NO,YES,YES,53053061200,612,053,061200,Great
1,0,1_0,17,47.255309,-122.473786,342,6th Ave & Pine St,Pierce Transit,,,,,,NO,NO,YES,YES,53053061200,612,053,061200,Great
1,0,1_0,18,47.255389,-122.468065,355,6th Ave & Steele St,Pierce Transit,,,,,,NO,NO,YES,YES,53053061200,612,053,061200,Great
1,0,1_0,19,47.255404,-122.465653,353,6th Ave & State St,Pierce Transit,,,,,,NO,NO,YES,YES,53053061300,613,053,061300,Great
1,0,1_0,20,47.255754,-122.463555,351,6th Ave & Sprague St,Pierce Transit,,,,,,NO,NO,NO,YES,53053061300,613,053,061300,Great
1,0,1_0,21,47.256335,-122.460181,313,6th Ave & Ainsworth St,Pierce Transit,,,,,,NO,NO,NO,YES,53053061300,613,053,061300,Great
1,0,1_0,22,47.256847,-122.455349,326,6th Ave & M St,Pierce Transit,,,,,,NO,NO,NO,YES,53053061300,613,053,061300,Great
1,0,1_0,23,47.257098,-122.452986,331,6th Ave & MLK Wy,Pierce Transit,,,,,,NO,NO,NO,YES,53053061501,615.01,053,061501,Great
1,0,1_0,24,47.257415,-122.450149,320,6th Ave & I St,Pierce Transit,,,,,,NO,NO,NO,YES,53053061501,615.01,053,061501,Great
1,0,1_0,25,47.2577,-122.447187,317,6th Ave & G St,Pierce Transit,,,,,,NO,NO,NO,YES,53053061501,615.01,053,061501,Great
1,0,1_0,26,47.255896,-122.445223,2677,Tacoma Ave & S 8th St,Pierce Transit,,,,,,NO,NO,NO,YES,53053061400,614,053,061400,Great
1,0,1_0,27,47.254904,-122.443589,2407,9th St S & Fawcett Ave,Pierce Transit,,,,,,YES,YES,NO,YES,53053061601,616.01,053,061601,Great
1,0,1_0,28,47.255163,-122.441183,2405,9th St S & Broadway,Pierce Transit,,,,,,YES,YES,NO,YES,53053061601,616.01,053,061601,Great
1,0,1_0,29,47.25323,-122.438683,32908,Pacific Ave & 11th St S,Pierce Transit,,,,,,NO,NO,NO,YES,53053061601,616.01,053,061601,Great
1,0,1_0,30,47.250225,-122.438019,26174,Pacific Ave & S 14th St,Pierce Transit,,,,,,YES,YES,YES,YES,53053061601,616.01,053,061601,Great
1,0,1_0,31,47.247566,-122.437303,19184,Pacific Ave & S 17th St,Pierce Transit,,,,,,YES,YES,YES,YES,53053060200,602,053,060200,Great
1,0,1_0,32,47.244818,-122.436784,1677,Pacific Ave & S 19th St,Pierce Transit,,,,,,YES,YES,YES,YES,53053061602,616.02,053,061602,Great
1,0,1_0,33,47.242851,-122.436347,1680,Pacific Ave & S 21st St,Pierce Transit,,,,,,YES,YES,NO,YES,53053061602,616.02,053,061602,Great
1,0,1_0,34,47.239584,-122.435714,31848,Pacific Ave & S 24th St,Pierce Transit,,,,,,NO,NO,NO,YES,53053061602,616.02,053,061602,Great
1,0,1_0,35,47.237329,-122.435093,1684,Pacific Ave & S 27th St,Pierce Transit,,,,,,NO,NO,NO,YES,53053061602,616.02,053,061602,Great
1,0,1_0,36,47.234195,-122.434376,1687,Pacific Ave & S 30th St,Pierce Transit,,,,,,NO,NO,NO,YES,53053061602,616.02,053,061602,Great
1,0,1_0,37,47.229805,-122.434178,1691,Pacific Ave & S 34th St,Pierce Transit,,,,,,NO,NO,NO,YES,53053061900,619,053,061900,Great
1,0,1_0,38,47.227307,-122.434178,1693,Pacific Ave & S Division Lane,Pierce Transit,,,,,,NO,NO,NO,YES,53053061900,619,053,061900,Great
1,0,1_0,39,47.224814,-122.434167,1695,Pacific Ave & S 37th St,Pierce Transit,,,,,,NO,NO,NO,YES,53053061900,619,053,061900,Great
1,0,1_0,40,47.223256,-122.434147,1697,Pacific Ave & S 38th St,Pierce Transit,,,,,,YES,YES,NO,YES,53053061900,619,053,061900,Great
1,0,1_0,41,47.220909,-122.434119,1699,Pacific Ave & S 40th St,Pierce Transit,,,,,,NO,NO,NO,YES,53053062400,624,053,062400,Great
1,0,1_0,42,47.21798,-122.434122,1701,Pacific Ave & S 43rd St,Pierce Transit,,,,,,NO,NO,NO,YES,53053062400,624,053,062400,Great
1,0,1_0,43,47.215364,-122.434109,1704,Pacific Ave & S 46th St,Pierce Transit,,,,,,NO,NO,NO,YES,53053062400,624,053,062400,Great
1,0,1_0,44,47.213104,-122.4341,1706,Pacific Ave & S 48th St,Pierce Transit,,,,,,NO,NO,NO,YES,53053062400,624,053,062400,Great
1,0,1_0,45,47.211536,-122.434088,1709,Pacific Ave & S 50th St,Pierce Transit,,,,,,NO,NO,NO,YES,53053062400,624,053,062400,Great
1,0,1_0,46,47.20977,-122.434093,1711,Pacific Ave & S 52nd St,Pierce Transit,,,,,,NO,NO,NO,YES,53053062400,624,053,062400,Great
1,0,1_0,47,47.208,-122.434055,1713,Pacific Ave & S 54th St,Pierce Transit,,,,,,NO,NO,NO,YES,53053062400,624,053,062400,Great
1,0,1_0,48,47.206254,-122.434083,1715,Pacific Ave & S 56th St,Pierce Transit,,,,,,YES,YES,NO,YES,53053063200,632,053,063200,Great
1,0,1_0,49,47.202817,-122.434063,1718,Pacific Ave & S 60th St,Pierce Transit,,,,,,NO,NO,NO,YES,53053063200,632,053,063200,Great
1,0,1_0,50,47.19873,-122.434017,1723,Pacific Ave & S 64th St,Pierce Transit,,,,,,NO,NO,NO,YES,53053063200,632,053,063200,Great
1,0,1_0,51,47.196628,-122.434086,1724,Pacific Ave & S 67th St,Pierce Transit,,,,,,NO,NO,NO,YES,53053063200,632,053,063200,Great
1,0,1_0,52,47.19406,-122.434135,1727,Pacific Ave & S 70th St,Pierce Transit,,,,,,NO,NO,NO,YES,53053063200,632,053,063200,Great
1,0,1_0,53,47.191953,-122.434135,1728,Pacific Ave & S 72nd St,Pierce Transit,,,,,,YES,YES,NO,YES,53053063200,632,053,063200,Great
1,0,1_0,54,47.189803,-122.434159,1730,Pacific Ave & S 72nd St,Pierce Transit,,,,,,NO,NO,NO,YES,53053063401,634.01,053,063401,Great
1,0,1_0,55,47.188034,-122.434176,1732,Pacific Ave & S 76th St,Pierce Transit,,,,,,NO,NO,NO,YES,53053063401,634.01,053,063401,Great
1,0,1_0,56,47.185727,-122.434181,1734,Pacific Ave & S 78th St,Pierce Transit,,,,,,NO,NO,NO,YES,53053063401,634.01,053,063401,Great
1,0,1_0,57,47.184389,-122.434189,1736,Pacific Ave & S 80th St,Pierce Transit,,,,,,NO,NO,NO,YES,53053063401,634.01,053,063401,Great
1,0,1_0,58,47.180755,-122.434187,1739,Pacific Ave & S 84th St,Pierce Transit,,,,,,YES,YES,NO,YES,53053063402,634.02,053,063402,Great
1,0,1_0,59,47.178034,-122.43419,1621,Pacific Ave & S 86th St,Pierce Transit,,,,,,NO,NO,NO,YES,53053063402,634.02,053,063402,Great
1,0,1_0,60,47.176005,-122.434189,1623,Pacific Ave & 88th St S,Pierce Transit,,,,,,NO,NO,NO,YES,53053063402,634.02,053,063402,Great
1,0,1_0,61,47.170481,-122.434188,1743,Pacific Ave & S 96th St,Pierce Transit,,,,,,YES,YES,NO,YES,53053063402,634.02,053,063402,Great
1,0,1_0,62,47.167329,-122.434223,1746,Pacific Ave & 99th St S,Pierce Transit,,,,,,NO,NO,NO,YES,53053071705,717.05,053,071705,Great
1,1,1_1,29,47.167258,-122.434072,1745,Pacific Ave & S 99th St,Pierce Transit,,,,,,NO,NO,NO,YES,53053071705,717.05,053,071705,Great
1,1,1_1,30,47.170311,-122.434033,1744,Pacific Ave & S 96th St,Pierce Transit,,,,,,YES,YES,NO,YES,53053063402,634.02,053,063402,Great
1,1,1_1,31,47.17335,-122.434033,1741,Pacific Ave & S 94th St,Pierce Transit,,,,,,NO,NO,NO,YES,53053063402,634.02,053,063402,Great
1,1,1_1,32,47.17576,-122.434036,1622,Pacific Ave & S 88th St,Pierce Transit,,,,,,NO,NO,NO,YES,53053063402,634.02,053,063402,Great
1,1,1_1,33,47.178434,-122.434029,1620,Pacific Ave & S 86th St,Pierce Transit,,,,,,NO,NO,NO,YES,53053063402,634.02,053,063402,Great
1,1,1_1,34,47.181226,-122.434035,1740,Pacific Ave & S 84th St,Pierce Transit,,,,,,YES,YES,NO,YES,53053063401,634.01,053,063401,Great
1,1,1_1,35,47.184561,-122.434034,1735,Pacific Ave & S 80th St,Pierce Transit,,,,,,NO,NO,NO,YES,53053063401,634.01,053,063401,Great
1,1,1_1,36,47.186007,-122.434022,1733,Pacific Ave & S 78th St,Pierce Transit,,,,,,NO,NO,NO,YES,53053063401,634.01,053,063401,Great
1,1,1_1,37,47.188146,-122.434023,1731,Pacific Ave & S 76th St,Pierce Transit,,,,,,NO,NO,NO,YES,53053063401,634.01,053,063401,Great
1,1,1_1,38,47.189681,-122.434028,1619,Pacific Ave & S 76th St,Pierce Transit,,,,,,NO,NO,NO,YES,53053063401,634.01,053,063401,Great
1,1,1_1,39,47.192134,-122.433985,1729,Pacific Ave & S 72nd St,Pierce Transit,,,,,,YES,YES,NO,YES,53053063200,632,053,063200,Great
1,1,1_1,40,47.194219,-122.43398,1726,Pacific Ave & S 70th St,Pierce Transit,,,,,,NO,NO,NO,YES,53053063200,632,053,063200,Great
1,1,1_1,41,47.196499,-122.433932,1725,Pacific Ave & S 67th St,Pierce Transit,,,,,,NO,NO,NO,YES,53053063200,632,053,063200,Great
1,1,1_1,42,47.199384,-122.433904,1722,Pacific Ave & S 64th St,Pierce Transit,,,,,,NO,NO,NO,YES,53053063200,632,053,063200,Great
1,1,1_1,43,47.202946,-122.433923,1719,Pacific Ave & S 60th St,Pierce Transit,,,,,,NO,NO,NO,YES,53053063200,632,053,063200,Great
1,1,1_1,44,47.20627,-122.433967,1714,Pacific Ave & S 56th St,Pierce Transit,,,,,,YES,YES,NO,YES,53053063200,632,053,063200,Great
1,1,1_1,45,47.208442,-122.433928,1712,Pacific Ave & S 54th St,Pierce Transit,,,,,,NO,NO,NO,YES,53053062400,624,053,062400,Great
1,1,1_1,46,47.2102,-122.433943,1710,Pacific Ave & S 52nd St,Pierce Transit,,,,,,NO,NO,NO,YES,53053062400,624,053,062400,Great
1,1,1_1,47,47.211676,-122.433936,1708,Pacific Ave & S 50th St,Pierce Transit,,,,,,NO,NO,NO,YES,53053062400,624,053,062400,Great
1,1,1_1,48,47.213285,-122.433949,1707,Pacific Ave & S 48th St,Pierce Transit,,,,,,NO,NO,NO,YES,53053062400,624,053,062400,Great
1,1,1_1,49,47.215441,-122.433959,1705,Pacific Ave & S 46th St,Pierce Transit,,,,,,NO,NO,NO,YES,53053062400,624,053,062400,Great
1,1,1_1,50,47.218263,-122.433964,1700,Pacific Ave & S 43rd St,Pierce Transit,,,,,,NO,NO,NO,YES,53053062400,624,053,062400,Great
1,1,1_1,51,47.221304,-122.433968,1698,Pacific Ave & S 40th St,Pierce Transit,,,,,,NO,NO,NO,YES,53053062400,624,053,062400,Great
1,1,1_1,52,47.22347,-122.433961,1696,Pacific Ave & S 38th St,Pierce Transit,,,,,,YES,YES,NO,YES,53053061900,619,053,061900,Great
1,1,1_1,53,47.224948,-122.434015,1694,Pacific Ave & S 37th St,Pierce Transit,,,,,,NO,NO,NO,YES,53053061900,619,053,061900,Great
1,1,1_1,54,47.226654,-122.43402,1692,Pacific Ave & S 36th St,Pierce Transit,,,,,,NO,NO,NO,YES,53053061900,619,053,061900,Great
1,1,1_1,55,47.230074,-122.434022,1690,Pacific Ave & S 34th St,Pierce Transit,,,,,,NO,NO,NO,YES,53053061900,619,053,061900,Great
1,1,1_1,56,47.234282,-122.434271,1686,Pacific Ave & S 30th St,Pierce Transit,,,,,,NO,NO,NO,YES,53053061602,616.02,053,061602,Great
1,1,1_1,57,47.237995,-122.435093,28271,Pacific Ave & S 26th St,Pierce Transit,,,,,,NO,NO,NO,YES,53053061602,616.02,053,061602,Great
1,1,1_1,58,47.239956,-122.435457,1630,Pacific Ave & S 24th St,Pierce Transit,,,,,,NO,NO,NO,YES,53053061602,616.02,053,061602,Great
1,1,1_1,59,47.243357,-122.436194,7889,Pacific Ave & S 21st St,Pierce Transit,,,,,,YES,YES,NO,YES,53053060200,602,053,060200,Great
1,1,1_1,60,47.245089,-122.436492,1678,Pacific Ave & S 19th St,Pierce Transit,,,,,,YES,YES,NO,YES,53053060200,602,053,060200,Great
1,1,1_1,61,47.247919,-122.437266,21022,Pacific Ave & Hood St,Pierce Transit,,,,,,YES,YES,NO,YES,53053061602,616.02,053,061602,Great
1,1,1_1,62,47.250254,-122.437883,27574,Pacific Ave & S 14th St,Pierce Transit,,,,,,YES,YES,NO,YES,53053061601,616.01,053,061601,Great
1,1,1_1,63,47.253679,-122.438607,14209,Pacific Ave & 11th St S,Pierce Transit,,,,,,NO,YES,NO,YES,53053061601,616.01,053,061601,Great
1,1,1_1,64,47.25523,-122.441186,2408,9th St S & St Helens Ave,Pierce Transit,,,,,,YES,YES,NO,YES,53053061601,616.01,053,061601,Great
1,1,1_1,65,47.255046,-122.443272,2406,9th St S & Fawcett Ave,Pierce Transit,,,,,,YES,YES,NO,YES,53053061601,616.01,053,061601,Great
1,1,1_1,66,47.255057,-122.444853,2678,Tacoma Ave & S 9th St,Pierce Transit,,,,,,NO,NO,NO,YES,53053061601,616.01,053,061601,Great
1,1,1_1,67,47.257097,-122.445328,2676,Tacoma Ave & S 7th St,Pierce Transit,,,,,,NO,NO,NO,YES,53053061501,615.01,053,061501,Great
1,1,1_1,68,47.257814,-122.447025,305,6th Ave & G St,Pierce Transit,,,,,,NO,NO,NO,YES,53053061501,615.01,053,061501,Great
1,1,1_1,69,47.257555,-122.449823,306,6th Ave & I St,Pierce Transit,,,,,,NO,NO,NO,YES,53053061501,615.01,053,061501,Great
1,1,1_1,70,47.257192,-122.453094,330,6th Ave & MLK Wy,Pierce Transit,,,,,,NO,NO,NO,YES,53053061501,615.01,053,061501,Great
1,1,1_1,71,47.256916,-122.455666,307,6th Ave & M St,Pierce Transit,,,,,,NO,NO,NO,YES,53053061300,613,053,061300,Great
1,1,1_1,72,47.256465,-122.45994,312,6th Ave & Ainsworth St,Pierce Transit,,,,,,NO,NO,NO,YES,53053061300,613,053,061300,Great
1,1,1_1,73,47.25594,-122.463425,350,6th Ave & Sprague St,Pierce Transit,,,,,,NO,NO,NO,YES,53053060600,606,053,060600,Great
1,1,1_1,74,47.255489,-122.465769,352,6th Ave & State St,Pierce Transit,,,,,,NO,NO,NO,YES,53053060600,606,053,060600,Great
1,1,1_1,75,47.255491,-122.471131,336,6th Ave & Oakes St,Pierce Transit,,,,,,NO,NO,NO,YES,53053060700,607,053,060700,Great
1,1,1_1,76,47.255335,-122.474178,341,6th Ave & Pine St,Pierce Transit,,,,,,NO,NO,NO,YES,53053060700,607,053,060700,Great
1,1,1_1,77,47.255312,-122.477589,314,6th Ave & Alder St,Pierce Transit,,,,,,NO,NO,NO,YES,53053060700,607,053,060700,Great
1,1,1_1,78,47.255318,-122.48198,9476,6th Ave & Puget Sound Ave,Pierce Transit,,,,,,NO,NO,NO,YES,53053060700,607,053,060700,Great
1,1,1_1,79,47.255324,-122.484248,359,6th Ave & Union Ave,Pierce Transit,,,,,,NO,NO,NO,YES,53053060700,607,053,060700,Great
1,1,1_1,80,47.255334,-122.48928,343,6th Ave & Proctor St,Pierce Transit,,,,,,NO,NO,NO,YES,53053060800,608,053,060800,Great
1,1,1_1,81,47.255379,-122.495928,356,6th Ave & Stevens St,Pierce Transit,,,,,,NO,NO,NO,YES,53053060800,608,053,060800,Great
1,1,1_1,82,47.255393,-122.501008,334,6th Ave & N. Mullen St,Pierce Transit,,,,,,NO,NO,NO,YES,53053060800,608,053,060800,Great
1,1,1_1,83,47.255456,-122.50559,338,6th Ave & Orchard St,Pierce Transit,,,,,,NO,NO,NO,YES,53053060906,609.06,053,060906,Great
1,1,1_1,84,47.255473,-122.508928,3019,6th Ave & Shirley St,Pierce Transit,,,,,,NO,NO,NO,YES,53053060906,609.06,053,060906,Great
1,1,1_1,85,47.255484,-122.514723,31643,6th Ave & Pearl St N,Pierce Transit,,,,,,NO,NO,NO,YES,53053061002,610.02,053,061002,Great
1,1,1_1,86,47.25549,-122.517547,3085,6th Ave & Pearl St,Pierce Transit,,,,,,NO,YES,NO,YES,53053061002,610.02,053,061002,Great
1,1,1_1,87,47.255506,-122.520521,316,6th Ave & Highland Hills Shopping Ctr,Pierce Transit,,,,,,NO,YES,NO,YES,53053061002,610.02,053,061002,Great
1,1,1_1,88,47.255528,-122.523974,309,6th Ave & S Mildred St,Pierce Transit,,,,,,NO,YES,NO,YES,53053061002,610.02,053,061002,Great
1,1,1_1,89,47.254816,-122.526464,1344,Mildred St S & 6th Ave,Pierce Transit,,,,,,YES,YES,NO,YES,53053061002,610.02,053,061002,Great
1,1,1_1,90,47.251591,-122.526415,1346,Mildred St S & S 10th St,Pierce Transit,,,,,,YES,YES,NO,YES,53053061002,610.02,053,061002,Great
1,1,1_1,91,47.249735,-122.526374,1348,Mildred St S & S 12th St,Pierce Transit,,,,,,YES,YES,NO,YES,53053061002,610.02,053,061002,Great
1,1,1_1,92,47.245125,-122.526393,1351,Mildred St S & James Ctr Plaza,Pierce Transit,,,,,,YES,YES,NO,YES,53053061002,610.02,053,061002,Great
1,1,1_1,93,47.243677,-122.525955,15937,TCC TC - Zone E,Pierce Transit,,,,,,NO,NO,NO,YES,53053061002,610.02,053,061002,Great
10,0,10_0,1,47.305568,-122.514368,853,Pt Defiance Ferry Terminal,Pierce Transit,,,,,,YES,YES,NO,YES,53053060300,603,053,060300,Good
10,0,10_0,5,47.291144,-122.515787,1893,Pearl St & N 46th St,Pierce Transit,,,,,,NO,NO,NO,YES,53053060300,603,053,060300,Good
10,0,10_0,6,47.290149,-122.515843,19031,Pearl St & N 45th St,Pierce Transit,,,,,,NO,NO,NO,YES,53053060903,609.03,053,060903,Good
10,0,10_0,7,47.286963,-122.515958,1890,Pearl St & N 42nd St,Pierce Transit,,,,,,NO,NO,NO,YES,53053060903,609.03,053,060903,Good
10,0,10_0,8,47.281434,-122.516,1886,Pearl St & N 37th St,Pierce Transit,,,,,,NO,NO,NO,YES,53053060903,609.03,053,060903,Good
10,0,10_0,9,47.278038,-122.516029,1882,Pearl St & N 33rd St,Pierce Transit,,,,,,NO,NO,NO,YES,53053060903,609.03,053,060903,Good
10,0,10_0,10,47.275986,-122.516033,1880,Pearl St & N 31st St,Pierce Transit,,,,,,NO,NO,NO,YES,53053060903,609.03,053,060903,Good
10,0,10_0,11,47.273544,-122.515969,1878,Pearl St & N 30th St,Pierce Transit,,,,,,NO,NO,NO,YES,53053060903,609.03,053,060903,Good
10,0,10_0,12,47.271151,-122.516375,1414,26th St N & Pearl St,Pierce Transit,,,,,,NO,NO,NO,YES,53053060903,609.03,053,060903,Good
10,0,10_0,13,47.271183,-122.518629,1412,26th St N & Bristol St,Pierce Transit,,,,,,NO,NO,NO,YES,53053060903,609.03,053,060903,Good
10,0,10_0,14,47.271077,-122.52124,2790,Vassault St N & N 26th St,Pierce Transit,,,,,,NO,NO,NO,YES,53053060908,609.08,053,060908,Good
10,0,10_0,15,47.268962,-122.521289,2787,Vassault St N & N 23rd St,Pierce Transit,,,,,,NO,NO,NO,YES,53053060908,609.08,053,060908,Good
10,0,10_0,16,47.266179,-122.521559,2797,Westgate Blvd & Vassault St N,Pierce Transit,,,,,,NO,NO,NO,YES,53053060908,609.08,053,060908,Good
10,0,10_0,17,47.264992,-122.524347,951,Highlands Pkwy & Bel Air Pkwy N,Pierce Transit,,,,,,NO,NO,NO,YES,53053060907,609.07,053,060907,Good
10,0,10_0,18,47.26175,-122.522295,953,Highlands Pkwy & Newton,Pierce Transit,,,,,,NO,NO,NO,YES,53053060907,609.07,053,060907,Good
10,0,10_0,19,47.262159,-122.519788,81,Highlands Pkwy & Vassault,Pierce Transit,,,,,,NO,NO,NO,YES,53053060907,609.07,053,060907,Good
10,0,10_0,20,47.263265,-122.516123,955,Highlands Pkwy & Pearl St,Pierce Transit,,,,,,NO,NO,NO,YES,53053060907,609.07,053,060907,Good
10,0,10_0,21,47.259655,-122.516,1875,Pearl St & N 11th St,Pierce Transit,,,,,,NO,NO,NO,YES,53053060907,609.07,053,060907,Good
10,0,10_0,22,47.256674,-122.516021,1904,Pearl St & N 9th St,Pierce Transit,,,,,,NO,NO,NO,YES,53053061002,610.02,053,061002,Good
10,0,10_0,23,47.254964,-122.515987,1873,Pearl St & 6th Ave,Pierce Transit,,,,,,NO,NO,NO,YES,53053061002,610.02,053,061002,Good
10,0,10_0,24,47.252433,-122.51591,1909,Pearl St & S 10th St,Pierce Transit,,,,,,NO,NO,NO,YES,53053061002,610.02,053,061002,Good
10,0,10_0,25,47.250053,-122.516215,2176,12th St S & Pearl St,Pierce Transit,,,,,,NO,NO,NO,YES,53053061002,610.02,053,061002,Good
10,0,10_0,26,47.250031,-122.519171,2149,12th St S & Vassault St S,Pierce Transit,,,,,,NO,NO,NO,YES,53053061002,610.02,053,061002,Good
10,0,10_0,27,47.249984,-122.523057,2200,12th St S & Whitman St,Pierce Transit,,,,,,NO,NO,NO,YES,53053061002,610.02,053,061002,Good
10,0,10_0,28,47.249735,-122.526374,1348,Mildred St S & S 12th St,Pierce Transit,,,,,,YES,YES,NO,YES,53053061002,610.02,053,061002,Good
10,0,10_0,29,47.245125,-122.526393,1351,Mildred St S & James Ctr Plaza,Pierce Transit,,,,,,YES,YES,NO,YES,53053061002,610.02,053,061002,Good
10,0,10_0,30,47.24333,-122.525979,17334,TCC TC - Zone G,Pierce Transit,,,,,,YES,NO,NO,YES,53053061002,610.02,053,061002,Good
10,1,10_1,1,47.24333,-122.525979,17334,TCC TC - Zone G,Pierce Transit,,,,,,YES,NO,NO,YES,53053061002,610.02,053,061002,Great
10,1,10_1,2,47.247388,-122.526243,1352,Mildred St S & 15th St S,Pierce Transit,,,,,,YES,YES,YES,YES,53053061002,610.02,053,061002,Great
10,1,10_1,3,47.249857,-122.525822,2167,12th St S & Mildred St,Pierce Transit,,,,,,YES,NO,NO,YES,53053061002,610.02,053,061002,Great
10,1,10_1,4,47.249894,-122.522302,2201,12th St S & Whitman St,Pierce Transit,,,,,,YES,NO,NO,YES,53053061002,610.02,053,061002,Great
10,1,10_1,5,47.249926,-122.519235,2148,12th St S & Vassault St S,Pierce Transit,,,,,,YES,NO,NO,YES,53053061002,610.02,053,061002,Great
10,1,10_1,6,47.250551,-122.515759,1910,Pearl St & S 12th St,Pierce Transit,,,,,,NO,NO,NO,YES,53053061002,610.02,053,061002,Great
10,1,10_1,7,47.252274,-122.515763,1908,Pearl St & S 10th St,Pierce Transit,,,,,,NO,NO,NO,YES,53053061002,610.02,053,061002,Great
10,1,10_1,8,47.255781,-122.515826,1872,Pearl St & 6th Ave,Pierce Transit,,,,,,NO,NO,NO,YES,53053061002,610.02,053,061002,Great
10,1,10_1,9,47.260437,-122.515828,1874,Pearl St & N 11th St,Pierce Transit,,,,,,NO,NO,NO,YES,53053060906,609.06,053,060906,Great
10,1,10_1,10,47.263363,-122.516489,954,Highlands Pkwy & Pearl St,Pierce Transit,,,,,,NO,NO,NO,YES,53053060907,609.07,053,060907,Great
10,1,10_1,11,47.262195,-122.519942,956,Highlands Pkwy & Lutheran Home,Pierce Transit,,,,,,NO,NO,NO,YES,53053060907,609.07,053,060907,Great
10,1,10_1,12,47.261972,-122.522504,952,Highlands Pkwy & Newton St,Pierce Transit,,,,,,NO,NO,NO,YES,53053060907,609.07,053,060907,Great
10,1,10_1,13,47.264761,-122.523754,950,Highlands Pkwy & Augusta Pl,Pierce Transit,,,,,,NO,NO,NO,YES,53053060907,609.07,053,060907,Great
10,1,10_1,14,47.266424,-122.521161,2796,Vassault St N & Westgate Blvd,Pierce Transit,,,,,,NO,NO,NO,YES,53053060908,609.08,053,060908,Great
10,1,10_1,15,47.269858,-122.521149,2788,Vassault St N & N 24th St,Pierce Transit,,,,,,NO,NO,NO,YES,53053060908,609.08,053,060908,Great
10,1,10_1,16,47.271176,-122.521058,2789,Vassault St N & N 26th St,Pierce Transit,,,,,,NO,NO,NO,YES,53053060908,609.08,053,060908,Great
10,1,10_1,17,47.271071,-122.518753,1413,26th St N & Bristol St,Pierce Transit,,,,,,NO,NO,NO,YES,53053060908,609.08,053,060908,Great
10,1,10_1,18,47.27171,-122.515777,1876,Pearl St & N 26th St,Pierce Transit,,,,,,NO,NO,NO,YES,53053060904,609.04,053,060904,Great
10,1,10_1,19,47.274288,-122.515792,1877,Pearl St & N 30th St,Pierce Transit,,,,,,NO,NO,NO,YES,53053060904,609.04,053,060904,Great
10,1,10_1,20,47.276381,-122.515709,1879,Pearl St & N 31st St,Pierce Transit,,,,,,NO,NO,NO,YES,53053060904,609.04,053,060904,Great
10,1,10_1,21,47.278063,-122.515708,1881,Pearl St & N 33rd St,Pierce Transit,,,,,,NO,NO,NO,YES,53053060904,609.04,053,060904,Great
10,1,10_1,22,47.2819,-122.515671,1885,Pearl St & N 37th St,Pierce Transit,,,,,,NO,NO,NO,YES,53053060904,609.04,053,060904,Great
10,1,10_1,23,47.28704,-122.515666,1889,Pearl St & N 42nd St,Pierce Transit,,,,,,NO,NO,NO,YES,53053060904,609.04,053,060904,Great
10,1,10_1,24,47.289596,-122.515674,1891,Pearl St & N 45th St,Pierce Transit,,,,,,NO,NO,NO,YES,53053060904,609.04,053,060904,Great
10,1,10_1,25,47.290663,-122.515653,1894,Pearl St & N 46th St,Pierce Transit,,,,,,NO,NO,NO,YES,53053060904,609.04,053,060904,Great
10,1,10_1,26,47.294152,-122.515627,1907,Pearl St & Ruby St,Pierce Transit,,,,,,NO,NO,NO,YES,53053060300,603,053,060300,Great
10,1,10_1,29,47.305568,-122.514368,853,Pt Defiance Ferry Terminal,Pierce Transit,,,,,,YES,YES,NO,YES,53053060300,603,053,060300,Great
100,0,100_0,45,47.255503,-122.536521,322,6th Ave & Jackson Ave,Pierce Transit,,,,,,NO,NO,NO,YES,53053061001,610.01,053,061001,Good
100,0,100_0,46,47.255459,-122.532797,327,6th Ave & S MacArthur,Pierce Transit,,,,,,NO,NO,NO,YES,53053061001,610.01,053,061001,Good
100,0,100_0,47,47.255455,-122.529421,319,6th Ave & Howard St,Pierce Transit,,,,,,NO,NO,NO,YES,53053061002,610.02,053,061002,Good
100,0,100_0,48,47.254816,-122.526464,1344,Mildred St S & 6th Ave,Pierce Transit,,,,,,YES,YES,NO,YES,53053061002,610.02,053,061002,Good
100,0,100_0,49,47.251591,-122.526415,1346,Mildred St S & S 10th St,Pierce Transit,,,,,,YES,YES,NO,YES,53053061002,610.02,053,061002,Good
100,0,100_0,50,47.249735,-122.526374,1348,Mildred St S & S 12th St,Pierce Transit,,,,,,YES,YES,NO,YES,53053061002,610.02,053,061002,Good
100,0,100_0,51,47.245125,-122.526393,1351,Mildred St S & James Ctr Plaza,Pierce Transit,,,,,,YES,YES,NO,YES,53053061002,610.02,053,061002,Good
100,0,100_0,52,47.243482,-122.526133,32558,TCC TC - Zone K,Pierce Transit,,,,,,NO,NO,NO,YES,53053061002,610.02,053,061002,Good
100,1,100_1,1,47.243482,-122.526133,32558,TCC TC - Zone K,Pierce Transit,,,,,,NO,NO,NO,YES,53053061002,610.02,053,061002,Great
100,1,100_1,2,47.247388,-122.526243,1352,Mildred St S & 15th St S,Pierce Transit,,,,,,YES,YES,YES,YES,53053061002,610.02,053,061002,Great
100,1,100_1,3,47.25025,-122.526256,1347,Mildred St S & S 12th St,Pierce Transit,,,,,,YES,YES,YES,YES,53053061002,610.02,053,061002,Great
100,1,100_1,4,47.251994,-122.526289,1345,Mildred St S & S 10th St,Pierce Transit,,,,,,YES,YES,YES,YES,53053061002,610.02,053,061002,Great
100,1,100_1,5,47.255521,-122.528138,345,6th Ave & Rochester St,Pierce Transit,,,,,,NO,NO,NO,YES,53053061002,610.02,053,061002,Great
100,1,100_1,6,47.255558,-122.532376,348,6th Ave & Skyline Dr N,Pierce Transit,,,,,,NO,NO,NO,YES,53053061001,610.01,053,061001,Great
100,1,100_1,7,47.255606,-122.536428,321,6th Ave & Jackson Ave,Pierce Transit,,,,,,NO,NO,NO,YES,53053061001,610.01,053,061001,Great
11,0,11_0,1,47.305568,-122.514368,853,Pt Defiance Ferry Terminal,Pierce Transit,,,,,,YES,YES,NO,YES,53053060300,603,053,060300,Good
11,0,11_0,5,47.291144,-122.515787,1893,Pearl St & N 46th St,Pierce Transit,,,,,,NO,NO,NO,YES,53053060300,603,053,060300,Good
11,0,11_0,6,47.289781,-122.51056,1480,45th St N & Shirley St,Pierce Transit,,,,,,NO,NO,NO,YES,53053060904,609.04,053,060904,Good
11,0,11_0,7,47.289755,-122.507896,1471,45th St N & Baltimore St,Pierce Transit,,,,,,NO,NO,NO,YES,53053060904,609.04,053,060904,Good
11,0,11_0,8,47.289435,-122.503898,1476,45th St N & Huson St,Pierce Transit,,,,,,NO,NO,NO,YES,53053060904,609.04,053,060904,Good
11,0,11_0,9,47.289433,-122.500983,1478,45th St N & Mullen St,Pierce Transit,,,,,,NO,NO,NO,YES,53053060400,604,053,060400,Good
11,0,11_0,10,47.287094,-122.498587,679,Cheyenne St & N 42nd St,Pierce Transit,,,,,,NO,NO,NO,YES,53053060400,604,053,060400,Good
11,0,11_0,11,47.283199,-122.498611,675,Cheyenne St & N 38th St,Pierce Transit,,,,,,NO,NO,NO,YES,53053060400,604,053,060400,Good
11,0,11_0,12,47.28064,-122.498637,672,Cheyenne St & N 36th St,Pierce Transit,,,,,,NO,NO,NO,YES,53053060400,604,053,060400,Good
11,0,11_0,13,47.278625,-122.49589,1467,34th St N & Stevens St,Pierce Transit,,,,,,NO,NO,NO,YES,53053060400,604,053,060400,Good
11,0,11_0,14,47.278614,-122.492093,1463,34th St N & Monroe St,Pierce Transit,,,,,,NO,NO,NO,YES,53053060400,604,053,060400,Good
11,0,11_0,15,47.278581,-122.489017,1465,N 34th St & N Proctor St,Pierce Transit,,,,,,NO,NO,NO,YES,53053060400,604,053,060400,Good
11,0,11_0,16,47.274494,-122.488922,2032,Proctor St N & N 30th St,Pierce Transit,,,,,,NO,NO,NO,YES,53053060800,608,053,060800,Good
11,0,11_0,17,47.2731,-122.488943,2029,Proctor St N & N 28th St,Pierce Transit,,,,,,NO,NO,NO,YES,53053060800,608,053,060800,Good
11,0,11_0,18,47.269283,-122.488926,2028,Proctor St N & N 24th St,Pierce Transit,,,,,,NO,NO,NO,YES,53053060800,608,053,060800,Good
11,0,11_0,19,47.267416,-122.488926,2026,Proctor St N & N 21st St,Pierce Transit,,,,,,NO,NO,NO,YES,53053060800,608,053,060800,Good
11,0,11_0,20,47.264399,-122.488927,2024,Proctor St N & N 16th St,Pierce Transit,,,,,,NO,NO,NO,YES,53053060800,608,053,060800,Good
11,0,11_0,21,47.262775,-122.488919,2021,Proctor St N & N 14th St,Pierce Transit,,,,,,NO,NO,NO,YES,53053060800,608,053,060800,Good
11,0,11_0,22,47.260628,-122.488894,21896,Proctor St N & N 12th St,Pierce Transit,,,,,,NO,NO,NO,YES,53053060800,608,053,060800,Good
11,0,11_0,23,47.259869,-122.487071,1373,11th St N & Adams St,Pierce Transit,,,,,,NO,NO,NO,YES,53053060700,607,053,060700,Good
11,0,11_0,24,47.259875,-122.483756,1386,11th St N & Union St,Pierce Transit,,,,,,NO,NO,NO,YES,53053060700,607,053,060700,Good
11,0,11_0,25,47.259845,-122.481356,1388,11th St N & Warner St,Pierce Transit,,,,,,NO,NO,NO,YES,53053060700,607,053,060700,Good
11,0,11_0,26,47.261719,-122.477757,3050,Alder St N & N 13th St,Pierce Transit,,,,,,NO,NO,NO,YES,53053060700,607,053,060700,Good
11,0,11_0,27,47.263605,-122.476509,1391,15th St N & Cedar St,Pierce Transit,,,,,,NO,NO,NO,YES,53053060700,607,053,060700,Good
11,0,11_0,28,47.263597,-122.474538,1393,15th St N & Junett St,Pierce Transit,,,,,,NO,NO,NO,YES,53053060700,607,053,060700,Good
11,0,11_0,29,47.263614,-122.472907,1390,15th St N & Anderson St,Pierce Transit,,,,,,NO,NO,NO,YES,53053060700,607,053,060700,Good
11,0,11_0,30,47.26361,-122.469408,1396,15th St N & Prospect St,Pierce Transit,,,,,,NO,NO,NO,YES,53053060700,607,053,060700,Good
11,0,11_0,31,47.262794,-122.466864,1507,M St N & N 11th St,Pierce Transit,,,,,,NO,NO,NO,YES,53053060600,606,053,060600,Good
11,0,11_0,32,47.261411,-122.46263,1504,M St N & N 8th St,Pierce Transit,,,,,,NO,NO,NO,YES,53053060600,606,053,060600,Good
11,0,11_0,33,47.26054,-122.459984,1502,M St N & N 6th St,Pierce Transit,,,,,,NO,NO,NO,YES,53053060600,606,053,060600,Good
11,0,11_0,34,47.259403,-122.456498,1498,M St N & Division Ave,Pierce Transit,,,,,,NO,NO,NO,YES,53053060600,606,053,060600,Good
11,0,11_0,35,47.260844,-122.453382,731,Division Ave & MLK Jr Way,Pierce Transit,,,,,,NO,NO,NO,YES,53053061501,615.01,053,061501,Good
11,0,11_0,36,47.261957,-122.451241,730,Division Ave & S I St,Pierce Transit,,,,,,NO,NO,NO,YES,53053061501,615.01,053,061501,Good
11,0,11_0,37,47.264494,-122.448465,1401,N 1st St & Tacoma Ave,Pierce Transit,,,,,,NO,NO,NO,YES,53053061502,615.02,053,061502,Good
11,0,11_0,38,47.262957,-122.446341,2550,St Helens Ave & S 1st St,Pierce Transit,,,,,,NO,NO,NO,YES,53053061501,615.01,053,061501,Good
11,0,11_0,39,47.26026,-122.444496,2551,St Helens Ave & S 4th St,Pierce Transit,,,,,,NO,NO,NO,YES,53053061501,615.01,053,061501,Good
11,0,11_0,40,47.258744,-122.443491,2549,St Helens Ave & 6th Ave,Pierce Transit,,,,,,NO,NO,NO,YES,53053061501,615.01,053,061501,Good
11,0,11_0,41,47.255666,-122.442192,1186,Market St & 9th St,Pierce Transit,,,,,,NO,NO,NO,YES,53053061601,616.01,053,061601,Good
11,0,11_0,42,47.255163,-122.441183,2405,9th St S & Broadway,Pierce Transit,,,,,,YES,YES,NO,YES,53053061601,616.01,053,061601,Good
11,0,11_0,43,47.253717,-122.439563,16580,Commerce St Station - Zone C,Pierce Transit,,,,,,YES,YES,NO,YES,53053061601,616.01,053,061601,Good
11,1,11_1,1,47.253826,-122.439446,16628,Commerce St Station - Zone E,Pierce Transit,,,,,,YES,YES,NO,YES,53053061601,616.01,053,061601,Good
11,1,11_1,2,47.25523,-122.441186,2408,9th St S & St Helens Ave,Pierce Transit,,,,,,YES,YES,NO,YES,53053061601,616.01,053,061601,Good
11,1,11_1,3,47.257004,-122.442329,1185,Market St & St Helens Ave,Pierce Transit,,,,,,NO,NO,NO,YES,53053061601,616.01,053,061601,Good
11,1,11_1,4,47.258829,-122.443385,2544,St Helens Ave & S 6th Ave,Pierce Transit,,,,,,NO,NO,NO,YES,53053061601,616.01,053,061601,Good
11,1,11_1,5,47.260632,-122.444594,2547,St Helens Ave & S 4th St,Pierce Transit,,,,,,NO,NO,NO,YES,53053061501,615.01,053,061501,Good
11,1,11_1,6,47.263154,-122.446289,2545,St Helens Ave & 1st St S,Pierce Transit,,,,,,NO,NO,NO,YES,53053061501,615.01,053,061501,Good
11,1,11_1,7,47.26438,-122.448718,1400,N 1st St & Tacoma Ave,Pierce Transit,,,,,,NO,NO,NO,YES,53053061502,615.02,053,061502,Good
11,1,11_1,8,47.261942,-122.45151,728,Division Ave & N I St,Pierce Transit,,,,,,NO,NO,NO,YES,53053061502,615.02,053,061502,Good
11,1,11_1,9,47.260646,-122.454031,729,Division Ave & N K St,Pierce Transit,,,,,,NO,NO,NO,YES,53053061502,615.02,053,061502,Good
11,1,11_1,10,47.259673,-122.456934,1500,M St N & N 4th St,Pierce Transit,,,,,,NO,NO,NO,YES,53053060600,606,053,060600,Good
11,1,11_1,11,47.260556,-122.459714,1501,M St N & N 6th St,Pierce Transit,,,,,,NO,NO,NO,YES,53053060600,606,053,060600,Good
11,1,11_1,12,47.261429,-122.462387,1503,M St N & N 8th St,Pierce Transit,,,,,,NO,NO,NO,YES,53053060600,606,053,060600,Good
11,1,11_1,13,47.262796,-122.466555,1499,M St N & N 11th St,Pierce Transit,,,,,,NO,NO,NO,YES,53053060600,606,053,060600,Good
11,1,11_1,14,47.263691,-122.469205,1395,15th St N & Prospect St,Pierce Transit,,,,,,NO,NO,NO,YES,53053060700,607,053,060700,Good
11,1,11_1,15,47.263701,-122.472625,1394,15th St N & Anderson Street,Pierce Transit,,,,,,NO,NO,NO,YES,53053060700,607,053,060700,Good
11,1,11_1,16,47.263688,-122.474711,1392,15th St N & Junett St,Pierce Transit,,,,,,NO,NO,NO,YES,53053060700,607,053,060700,Good
11,1,11_1,17,47.263688,-122.477729,1389,15th St N & Alder St,Pierce Transit,,,,,,NO,NO,NO,YES,53053060700,607,053,060700,Good
11,1,11_1,18,47.261832,-122.477894,3051,Alder St N & N 13th St,Pierce Transit,,,,,,NO,NO,NO,YES,53053060700,607,053,060700,Good
11,1,11_1,19,47.259951,-122.481378,1387,11th St N & Warner St,Pierce Transit,,,,,,NO,NO,NO,YES,53053060700,607,053,060700,Good
11,1,11_1,20,47.259975,-122.483965,1385,11th St N & Union St,Pierce Transit,,,,,,NO,NO,NO,YES,53053060700,607,053,060700,Good
11,1,11_1,21,47.259959,-122.488774,1384,11th St N & Proctor St,Pierce Transit,,,,,,NO,NO,NO,YES,53053060700,607,053,060700,Good
11,1,11_1,22,47.262654,-122.488781,2022,Proctor St N & N 14th St,Pierce Transit,,,,,,NO,NO,NO,YES,53053060700,607,053,060700,Good
11,1,11_1,23,47.264733,-122.488794,2023,Proctor St N & N 16th St,Pierce Transit,,,,,,NO,NO,NO,YES,53053060700,607,053,060700,Good
11,1,11_1,24,47.267519,-122.488788,2025,Proctor St N & N 21st St,Pierce Transit,,,,,,NO,NO,NO,YES,53053060500,605,053,060500,Good
11,1,11_1,25,47.269417,-122.48879,2027,Proctor St N & N 24th St,Pierce Transit,,,,,,NO,NO,NO,YES,53053060500,605,053,060500,Good
11,1,11_1,26,47.272892,-122.48881,2030,Proctor St N & N 28th St,Pierce Transit,,,,,,NO,NO,NO,YES,53053060500,605,053,060500,Good
11,1,11_1,27,47.274762,-122.488783,2031,Proctor St N & N 30th St,Pierce Transit,,,,,,NO,NO,NO,YES,53053060500,605,053,060500,Good
11,1,11_1,28,47.278676,-122.489121,1464,34th St N & Proctor St,Pierce Transit,,,,,,NO,NO,NO,YES,53053060400,604,053,060400,Good
11,1,11_1,29,47.278709,-122.492298,1462,34th St N & Monroe St,Pierce Transit,,,,,,NO,NO,NO,YES,53053060400,604,053,060400,Good
11,1,11_1,30,47.278721,-122.496369,1466,34th St N & Stevens St,Pierce Transit,,,,,,NO,NO,NO,YES,53053060400,604,053,060400,Good
11,1,11_1,31,47.280456,-122.498501,673,Cheyenne St & N 36th St,Pierce Transit,,,,,,NO,NO,NO,YES,53053060400,604,053,060400,Good
11,1,11_1,32,47.283641,-122.49847,674,Cheyenne St & N 38th St,Pierce Transit,,,,,,NO,NO,NO,YES,53053060400,604,053,060400,Good
11,1,11_1,33,47.287182,-122.498434,678,Cheyenne St & N 42nd St,Pierce Transit,,,,,,NO,NO,NO,YES,53053060400,604,053,060400,Good
11,1,11_1,34,47.289521,-122.50104,1477,45th St N & Mullen St,Pierce Transit,,,,,,NO,NO,NO,YES,53053060400,604,053,060400,Good
11,1,11_1,35,47.289521,-122.504091,1475,45th St N & Huson St,Pierce Transit,,,,,,NO,NO,NO,YES,53053060904,609.04,053,060904,Good
11,1,11_1,36,47.28984,-122.507678,1470,45th St N & Baltimore St,Pierce Transit,,,,,,NO,NO,NO,YES,53053060904,609.04,053,060904,Good
11,1,11_1,37,47.289869,-122.510313,1479,45th St N & Shirley St,Pierce Transit,,,,,,NO,NO,NO,YES,53053060904,609.04,053,060904,Good
11,1,11_1,38,47.290663,-122.515653,1894,Pearl St & N 46th St,Pierce Transit,,,,,,NO,NO,NO,YES,53053060904,609.04,053,060904,Good
11,1,11_1,39,47.294152,-122.515627,1907,Pearl St & Ruby St,Pierce Transit,,,,,,NO,NO,NO,YES,53053060300,603,053,060300,Good
11,1,11_1,42,47.305568,-122.514368,853,Pt Defiance Ferry Terminal,Pierce Transit,,,,,,YES,YES,NO,YES,53053060300,603,053,060300,Good
16,0,16_0,1,47.254184,-122.439531,708,Commerce St Station - Zone F,Pierce Transit,,,,,,YES,YES,NO,YES,53053061601,616.01,053,061601,Good
16,0,16_0,2,47.25523,-122.441186,2408,9th St S & St Helens Ave,Pierce Transit,,,,,,YES,YES,NO,YES,53053061601,616.01,053,061601,Good
16,0,16_0,3,47.257004,-122.442329,1185,Market St & St Helens Ave,Pierce Transit,,,,,,NO,NO,NO,YES,53053061601,616.01,053,061601,Good
16,0,16_0,4,47.258829,-122.443385,2544,St Helens Ave & S 6th Ave,Pierce Transit,,,,,,NO,NO,NO,YES,53053061601,616.01,053,061601,Good
16,0,16_0,5,47.260632,-122.444594,2547,St Helens Ave & S 4th St,Pierce Transit,,,,,,NO,NO,NO,YES,53053061501,615.01,053,061501,Good
16,0,16_0,6,47.263154,-122.446289,2545,St Helens Ave & 1st St S,Pierce Transit,,,,,,NO,NO,NO,YES,53053061501,615.01,053,061501,Good
16,0,16_0,7,47.26438,-122.448718,1400,N 1st St & Tacoma Ave,Pierce Transit,,,,,,NO,NO,NO,YES,53053061502,615.02,053,061502,Good
16,0,16_0,8,47.262337,-122.451622,1491,I St N & N 2nd St,Pierce Transit,,,,,,NO,NO,NO,YES,53053061502,615.02,053,061502,Good
16,0,16_0,9,47.263313,-122.454749,1492,I St N & N 4th St,Pierce Transit,,,,,,NO,NO,NO,YES,53053061502,615.02,053,061502,Good
16,0,16_0,10,47.264227,-122.457509,1494,I St N & N 6th St,Pierce Transit,,,,,,NO,NO,NO,YES,53053060600,606,053,060600,Good
16,0,16_0,11,47.265129,-122.460264,1496,I St N & N 8th St,Pierce Transit,,,,,,NO,NO,NO,YES,53053060600,606,053,060600,Good
16,0,16_0,12,47.266025,-122.463024,1484,I St N & N 10th St,Pierce Transit,,,,,,NO,NO,NO,YES,53053060600,606,053,060600,Good
16,0,16_0,13,47.266951,-122.46587,1486,I St N & N 12th St,Pierce Transit,,,,,,NO,NO,NO,YES,53053060600,606,053,060600,Good
16,0,16_0,14,47.267532,-122.469562,1405,21st St N & Prospect St,Pierce Transit,,,,,,NO,NO,NO,YES,53053060500,605,053,060500,Good
16,0,16_0,15,47.267571,-122.474681,1407,21st St N & Junett St,Pierce Transit,,,,,,NO,NO,NO,YES,53053060500,605,053,060500,Good
16,0,16_0,16,47.269109,-122.477628,479,Alder St N & N 24th St,Pierce Transit,,,,,,NO,NO,NO,YES,53053060500,605,053,060500,Good
16,0,16_0,17,47.271099,-122.478006,1410,26th St N & Alder St,Pierce Transit,,,,,,NO,NO,NO,YES,53053060500,605,053,060500,Good
16,0,16_0,18,47.271118,-122.482527,1419,26th St N & Puget Sound Dr,Pierce Transit,,,,,,NO,NO,NO,YES,53053060500,605,053,060500,Good
16,0,16_0,19,47.271111,-122.486219,1424,26th St N & Washington St,Pierce Transit,,,,,,NO,NO,NO,YES,53053060500,605,053,060500,Good
16,0,16_0,20,47.271107,-122.490183,1416,26th St N & Madison St,Pierce Transit,,,,,,NO,NO,NO,YES,53053060800,608,053,060800,Good
16,0,16_0,21,47.271107,-122.493414,1422,26th St N & Tyler St,Pierce Transit,,,,,,NO,NO,NO,YES,53053060800,608,053,060800,Good
16,0,16_0,22,47.271089,-122.499468,691723542,N 26th St & Cheyenne,Pierce Transit,,,,,,NO,NO,NO,YES,53053060800,608,053,060800,Good
16,0,16_0,23,47.271081,-122.503684,2012405719,N 26th St & Huson St,Pierce Transit,,,,,,NO,NO,NO,YES,53053060800,608,053,060800,Good
16,0,16_0,24,47.271096,-122.507802,26352,N 26th St & Baltimore St,Pierce Transit,,,,,,NO,NO,NO,YES,53053060904,609.04,053,060904,Good
16,0,16_0,25,47.271114,-122.513477,14123,N 26th & Highland St,Pierce Transit,,,,,,NO,NO,NO,YES,53053060904,609.04,053,060904,Good
16,0,16_0,26,47.27077,-122.515957,1278535725,Pearl St & N 26th St,Pierce Transit,,,,,,NO,NO,NO,YES,53053060908,609.08,053,060908,Good
16,0,16_0,27,47.266785,-122.516064,1270834616,Pearl St & N 21st St,Pierce Transit,,,,,,NO,NO,NO,YES,53053060907,609.07,053,060907,Good
16,0,16_0,28,47.259655,-122.516,1875,Pearl St & N 11th St,Pierce Transit,,,,,,NO,NO,NO,YES,53053060907,609.07,053,060907,Good
16,0,16_0,29,47.256674,-122.516021,1904,Pearl St & N 9th St,Pierce Transit,,,,,,NO,NO,NO,YES,53053061002,610.02,053,061002,Good
16,0,16_0,30,47.25549,-122.517547,3085,6th Ave & Pearl St,Pierce Transit,,,,,,NO,YES,NO,YES,53053061002,610.02,053,061002,Good
16,0,16_0,31,47.255506,-122.520521,316,6th Ave & Highland Hills Shopping Ctr,Pierce Transit,,,,,,NO,YES,NO,YES,53053061002,610.02,053,061002,Good
16,0,16_0,32,47.255528,-122.523974,309,6th Ave & S Mildred St,Pierce Transit,,,,,,NO,YES,NO,YES,53053061002,610.02,053,061002,Good
16,0,16_0,33,47.254816,-122.526464,1344,Mildred St S & 6th Ave,Pierce Transit,,,,,,YES,YES,NO,YES,53053061002,610.02,053,061002,Good
16,0,16_0,34,47.251591,-122.526415,1346,Mildred St S & S 10th St,Pierce Transit,,,,,,YES,YES,NO,YES,53053061002,610.02,053,061002,Good
16,0,16_0,35,47.249735,-122.526374,1348,Mildred St S & S 12th St,Pierce Transit,,,,,,YES,YES,NO,YES,53053061002,610.02,053,061002,Good
16,0,16_0,36,47.245125,-122.526393,1351,Mildred St S & James Ctr Plaza,Pierce Transit,,,,,,YES,YES,NO,YES,53053061002,610.02,053,061002,Good
16,0,16_0,37,47.243277,-122.526122,6333,TCC TC - Zone J,Pierce Transit,,,,,,NO,NO,NO,YES,53053061002,610.02,053,061002,Good
16,1,16_1,1,47.243277,-122.526122,6333,TCC TC - Zone J,Pierce Transit,,,,,,NO,NO,NO,YES,53053061002,610.02,053,061002,Great
16,1,16_1,2,47.247388,-122.526243,1352,Mildred St S & 15th St S,Pierce Transit,,,,,,YES,YES,YES,YES,53053061002,610.02,053,061002,Great
16,1,16_1,3,47.25025,-122.526256,1347,Mildred St S & S 12th St,Pierce Transit,,,,,,YES,YES,YES,YES,53053061002,610.02,053,061002,Great
16,1,16_1,4,47.251994,-122.526289,1345,Mildred St S & S 10th St,Pierce Transit,,,,,,YES,YES,YES,YES,53053061002,610.02,053,061002,Great
16,1,16_1,5,47.25543,-122.5249,329,6th Ave & Mildred St,Pierce Transit,,,,,,YES,YES,YES,YES,53053061002,610.02,053,061002,Great
16,1,16_1,6,47.255395,-122.519352,308,6th Ave & bwtn Mildred & Pearl,Pierce Transit,,,,,,YES,YES,YES,YES,53053061002,610.02,053,061002,Great
16,1,16_1,7,47.255781,-122.515826,1872,Pearl St & 6th Ave,Pierce Transit,,,,,,NO,NO,NO,YES,53053061002,610.02,053,061002,Great
16,1,16_1,8,47.260437,-122.515828,1874,Pearl St & N 11th St,Pierce Transit,,,,,,NO,NO,NO,YES,53053060906,609.06,053,060906,Great
16,1,16_1,9,47.267553,-122.515734,1150937546,Pearl St & N 21st St,Pierce Transit,,,,,,NO,NO,NO,YES,53053060906,609.06,053,060906,Great
16,1,16_1,10,47.270921,-122.515839,812887827,Pearl St & N 26th,Pierce Transit,,,,,,NO,NO,NO,YES,53053060906,609.06,053,060906,Great
16,1,16_1,11,47.27102,-122.513358,1023783493,N 26th St & Highland St,Pierce Transit,,,,,,NO,NO,NO,YES,53053060906,609.06,053,060906,Great
16,1,16_1,12,47.271004,-122.50801,1653739297,N 26th St & Baltimore St,Pierce Transit,,,,,,NO,NO,NO,YES,53053060906,609.06,053,060906,Great
16,1,16_1,13,47.270988,-122.503966,1194047886,N 26th St & N Huson,Pierce Transit,,,,,,NO,NO,NO,YES,53053060906,609.06,053,060906,Great
16,1,16_1,14,47.271005,-122.499306,73819512,N 26th St & N Cheyenne,Pierce Transit,,,,,,NO,NO,NO,YES,53053060800,608,053,060800,Great
16,1,16_1,15,47.271012,-122.49335,1423,26th St N & N Tyler St,Pierce Transit,,,,,,NO,NO,NO,YES,53053060800,608,053,060800,Great
16,1,16_1,16,47.271015,-122.48899,1418,26th St N & Proctor St,Pierce Transit,,,,,,NO,NO,NO,YES,53053060800,608,053,060800,Great
16,1,16_1,17,47.271017,-122.48584,1425,26th St N & Washington St,Pierce Transit,,,,,,NO,NO,NO,YES,53053060500,605,053,060500,Great
16,1,16_1,18,47.271023,-122.482778,1420,26th St N & Puget Sound Ave,Pierce Transit,,,,,,NO,NO,NO,YES,53053060500,605,053,060500,Great
16,1,16_1,19,47.271006,-122.478002,1411,26th St N & Alder St,Pierce Transit,,,,,,NO,NO,NO,YES,53053060500,605,053,060500,Great
16,1,16_1,20,47.269257,-122.477762,478,Alder St N & N 24th St.,Pierce Transit,,,,,,NO,NO,NO,YES,53053060500,605,053,060500,Great
16,1,16_1,21,47.267461,-122.477313,1406,21st St N & Alder St,Pierce Transit,,,,,,NO,NO,NO,YES,53053060700,607,053,060700,Great
16,1,16_1,22,47.267467,-122.474387,19358,N 21st St & Junett St,Pierce Transit,,,,,,NO,NO,NO,YES,53053060700,607,053,060700,Great
16,1,16_1,23,47.267429,-122.46949,1409,21st St N & Prospect St,Pierce Transit,,,,,,NO,NO,NO,YES,53053060700,607,053,060700,Great
16,1,16_1,24,47.266663,-122.46534,1487,I St N & N 12th St,Pierce Transit,,,,,,NO,NO,NO,YES,53053060600,606,053,060600,Great
16,1,16_1,25,47.265902,-122.463004,1485,I St N & N 10th St,Pierce Transit,,,,,,NO,NO,NO,YES,53053060600,606,053,060600,Great
16,1,16_1,26,47.264878,-122.459844,1497,I St N & N 8th St,Pierce Transit,,,,,,NO,NO,NO,YES,53053060600,606,053,060600,Great
16,1,16_1,27,47.263965,-122.457059,1495,I St N & N 6th St,Pierce Transit,,,,,,NO,NO,NO,YES,53053060600,606,053,060600,Great
16,1,16_1,28,47.263057,-122.454307,1493,I St N & N 4th St,Pierce Transit,,,,,,NO,NO,NO,YES,53053061502,615.02,053,061502,Great
16,1,16_1,29,47.262476,-122.452356,1490,I St N & N 2nd St,Pierce Transit,,,,,,NO,NO,NO,YES,53053061502,615.02,053,061502,Great
16,1,16_1,30,47.264494,-122.448465,1401,N 1st St & Tacoma Ave,Pierce Transit,,,,,,NO,NO,NO,YES,53053061502,615.02,053,061502,Great
16,1,16_1,31,47.262957,-122.446341,2550,St Helens Ave & S 1st St,Pierce Transit,,,,,,NO,NO,NO,YES,53053061501,615.01,053,061501,Great
16,1,16_1,32,47.26026,-122.444496,2551,St Helens Ave & S 4th St,Pierce Transit,,,,,,NO,NO,NO,YES,53053061501,615.01,053,061501,Great
16,1,16_1,33,47.258744,-122.443491,2549,St Helens Ave & 6th Ave,Pierce Transit,,,,,,NO,NO,NO,YES,53053061501,615.01,053,061501,Great
16,1,16_1,34,47.255666,-122.442192,1186,Market St & 9th St,Pierce Transit,,,,,,NO,NO,NO,YES,53053061601,616.01,053,061601,Great
16,1,16_1,35,47.255163,-122.441183,2405,9th St S & Broadway,Pierce Transit,,,,,,YES,YES,NO,YES,53053061601,616.01,053,061601,Great
16,1,16_1,36,47.253717,-122.439563,16580,Commerce St Station - Zone C,Pierce Transit,,,,,,YES,YES,NO,YES,53053061601,616.01,053,061601,Great
2,0,2_0,1,47.253717,-122.439563,16580,Commerce St Station - Zone C,Pierce Transit,,,,,,YES,YES,NO,YES,53053061601,616.01,053,061601,Good
2,0,2_0,2,47.25011,-122.440943,1189,Market St & S 13th St,Pierce Transit,,,,,,NO,NO,NO,YES,53053061601,616.01,053,061601,Good
2,0,2_0,3,47.248626,-122.440611,1188,Market St & S 15th St,Pierce Transit,,,,,,NO,NO,NO,YES,53053061602,616.02,053,061602,Good
2,0,2_0,4,47.245661,-122.439881,1191,Market St & S 19th St,Pierce Transit,,,,,,NO,NO,NO,YES,53053061602,616.02,053,061602,Good
2,0,2_0,5,47.244884,-122.440049,1193,19th St S & Market St,Pierce Transit,,,,,,NO,NO,NO,YES,53053061602,616.02,053,061602,Good
2,0,2_0,6,47.244623,-122.442496,2239,19th St S & Tacoma Ave,Pierce Transit,,,,,,NO,NO,NO,YES,53053061602,616.02,053,061602,Good
2,0,2_0,7,47.244306,-122.445413,2253,19th St S & Yakima Ave,Pierce Transit,,,,,,YES,NO,NO,YES,53053061400,614,053,061400,Good
2,0,2_0,8,47.243958,-122.448803,2222,19th St S & J St,Pierce Transit,,,,,,NO,NO,NO,YES,53053061400,614,053,061400,Good
2,0,2_0,9,47.243565,-122.452632,2225,19th St S & M St,Pierce Transit,,,,,,NO,NO,NO,YES,53053061300,613,053,061300,Good
2,0,2_0,10,47.243256,-122.455519,2217,19th St S & Cushman Ave,Pierce Transit,,,,,,NO,NO,NO,YES,53053061300,613,053,061300,Good
2,0,2_0,11,47.242785,-122.459779,2249,19th St S & Wilkeson St,Pierce Transit,,,,,,NO,NO,NO,YES,53053061300,613,053,061300,Good
2,0,2_0,12,47.242743,-122.461779,2220,19th St S & Hosmer St,Pierce Transit,,,,,,NO,NO,NO,YES,53053061300,613,053,061300,Good
2,0,2_0,13,47.242787,-122.467592,2241,19th St S & Trafton St,Pierce Transit,,,,,,YES,NO,NO,YES,53053061200,612,053,061200,Good
2,0,2_0,14,47.242868,-122.473188,2212,19th St S & Anderson St,Pierce Transit,,,,,,YES,NO,NO,YES,53053061200,612,053,061200,Good
2,0,2_0,15,47.242847,-122.476816,2215,19th St S & Cedar St,Pierce Transit,,,,,,YES,NO,NO,YES,53053061200,612,053,061200,Good
2,0,2_0,16,47.242853,-122.479514,2219,19th St S & Lawrence,Pierce Transit,,,,,,YES,NO,NO,YES,53053061200,612,053,061200,Good
2,0,2_0,17,47.242852,-122.482644,2245,19th St S & Union Ave,Pierce Transit,,,,,,NO,NO,NO,YES,53053061200,612,053,061200,Good
2,0,2_0,18,47.242885,-122.489354,2232,19th St S & Proctor St,Pierce Transit,,,,,,NO,NO,NO,YES,53053061100,611,053,061100,Good
2,0,2_0,19,47.242913,-122.495564,2237,19th St S & S Stevens St,Pierce Transit,,,,,,NO,NO,NO,YES,53053061100,611,053,061100,Good
2,0,2_0,20,47.242946,-122.500282,2230,19th St S & Mullen St,Pierce Transit,,,,,,NO,NO,NO,YES,53053061100,611,053,061100,Good
2,0,2_0,21,47.242894,-122.509946,2236,19th St S & S Shirley St,Pierce Transit,,,,,,NO,NO,NO,YES,53053061002,610.02,053,061002,Good
2,0,2_0,22,47.242831,-122.514174,2252,19th St S & Woodlawn St,Pierce Transit,,,,,,NO,NO,NO,YES,53053061002,610.02,053,061002,Good
2,0,2_0,23,47.242851,-122.517314,2247,19th St S & Visscher St,Pierce Transit,,,,,,NO,NO,NO,YES,53053061002,610.02,053,061002,Good
2,0,2_0,24,47.242813,-122.522774,2208,19th St S & 64th Ave W,Pierce Transit,,,,,,NO,NO,NO,YES,53053061002,610.02,053,061002,Good
2,0,2_0,25,47.243155,-122.52596,28376,TCC TC - Zone H,Pierce Transit,,,,,,NO,NO,NO,YES,53053061002,610.02,053,061002,Good
2,0,2_0,26,47.242762,-122.528829,2238,19th St S & 70th Ave W,Pierce Transit,,,,,,YES,NO,NO,YES,53053061002,610.02,053,061002,Good
2,0,2_0,27,47.242743,-122.53414,2227,19th St S & Meyers St,Pierce Transit,,,,,,NO,NO,NO,YES,53053061002,610.02,053,061002,Good
2,0,2_0,28,47.242194,-122.537127,519,Bridgeport Way W & 19th St W,Pierce Transit,,,,,,NO,NO,NO,YES,53053072310,723.10,053,072310,Good
2,1,2_1,32,47.242603,-122.536474,19250,19th St S & Bridgeport Wy,Pierce Transit,,,,,,NO,NO,NO,YES,53053072311,723.11,053,072311,Good
2,1,2_1,33,47.242639,-122.533955,167,19th St S & Seaview St W,Pierce Transit,,,,,,NO,NO,NO,YES,53053072311,723.11,053,072311,Good
2,1,2_1,34,47.24265,-122.529735,164,19th St S & 70th Ave W,Pierce Transit,,,,,,NO,NO,NO,YES,53053072311,723.11,053,072311,Good
2,1,2_1,35,47.243132,-122.525611,2689,TCC TC - Zone A,Pierce Transit,,,,,,NO,NO,NO,YES,53053061002,610.02,053,061002,Good
2,1,2_1,36,47.242707,-122.522858,163,19th St S & 64th Ave W,Pierce Transit,,,,,,NO,NO,NO,YES,53053072305,723.05,053,072305,Good
2,1,2_1,37,47.242748,-122.517089,702,19th St S & Visscher St S,Pierce Transit,,,,,,NO,NO,NO,YES,53053072305,723.05,053,072305,Good
2,1,2_1,38,47.242745,-122.513756,704,19th St S & Contra Costa Ave,Pierce Transit,,,,,,NO,NO,NO,YES,53053072305,723.05,053,072305,Good
2,1,2_1,39,47.242793,-122.508319,703,19th St S & Columbia St,Pierce Transit,,,,,,NO,NO,NO,YES,53053072305,723.05,053,072305,Good
2,1,2_1,40,47.24284,-122.500057,2231,19th St S & Mullen St,Pierce Transit,,,,,,NO,NO,NO,YES,53053061100,611,053,061100,Good
2,1,2_1,41,47.242799,-122.494631,2244,19th St S & S Stevens St,Pierce Transit,,,,,,NO,NO,NO,YES,53053061100,611,053,061100,Good
2,1,2_1,42,47.242776,-122.488778,2233,19th St S & S Proctor St,Pierce Transit,,,,,,NO,NO,NO,YES,53053061100,611,053,061100,Good
2,1,2_1,43,47.242748,-122.482454,2246,19th St S & S Union Ave,Pierce Transit,,,,,,YES,NO,NO,YES,53053061100,611,053,061100,Good
2,1,2_1,44,47.242749,-122.478709,21024,19th St S & S Lawrence St,Pierce Transit,,,,,,YES,NO,NO,YES,53053061100,611,053,061100,Good
2,1,2_1,45,47.242742,-122.475882,2216,19th St S & S Cedar St,Pierce Transit,,,,,,YES,NO,NO,YES,53053061700,617,053,061700,Good
2,1,2_1,46,47.242762,-122.472778,2213,19th St S & Anderson St,Pierce Transit,,,,,,YES,NO,NO,YES,53053061700,617,053,061700,Good
2,1,2_1,47,47.242664,-122.466935,2242,19th St S & Trafton St,Pierce Transit,,,,,,YES,NO,NO,YES,53053061700,617,053,061700,Good
2,1,2_1,48,47.242637,-122.460957,2221,19th St S & Hosmer St,Pierce Transit,,,,,,NO,NO,NO,YES,53053061700,617,053,061700,Good
2,1,2_1,49,47.242792,-122.45876,2250,19th St S & Wilkeson St,Pierce Transit,,,,,,NO,NO,NO,YES,53053061700,617,053,061700,Good
2,1,2_1,50,47.243208,-122.455074,2218,19th St S & Cushman Ave,Pierce Transit,,,,,,NO,NO,NO,YES,53053061700,617,053,061700,Good
2,1,2_1,51,47.243452,-122.45278,2226,19th St S & M St,Pierce Transit,,,,,,NO,NO,NO,YES,53053061700,617,053,061700,Good
2,1,2_1,52,47.243937,-122.447948,2223,19th St S & J St,Pierce Transit,,,,,,YES,NO,NO,YES,53053061700,617,053,061700,Good
2,1,2_1,53,47.244176,-122.445653,2254,19th St S & Yakima Ave,Pierce Transit,,,,,,YES,NO,NO,YES,53053061700,617,053,061700,Good
2,1,2_1,54,47.244503,-122.442653,2240,19th St S & Tacoma Ave,Pierce Transit,,,,,,NO,NO,NO,YES,53053061700,617,053,061700,Good
2,1,2_1,55,47.24514,-122.439647,1192,Market St & S 19th St,Pierce Transit,,,,,,NO,NO,NO,YES,53053061602,616.02,053,061602,Good
2,1,2_1,56,47.246836,-122.440051,1190,Market St & S 17th St,Pierce Transit,,,,,,NO,NO,NO,YES,53053061602,616.02,053,061602,Good
2,1,2_1,57,47.249191,-122.440603,3065,Market St & S 15th St,Pierce Transit,,,,,,NO,NO,NO,YES,53053061601,616.01,053,061601,Good
2,1,2_1,58,47.250664,-122.440926,15857,Market St & 13th St S,Pierce Transit,,,,,,NO,NO,NO,YES,53053061601,616.01,053,061601,Good
2,1,2_1,59,47.253241,-122.441503,27242,Market St & S 11th St,Pierce Transit,,,,,,NO,NO,NO,YES,53053061601,616.01,053,061601,Good
2,1,2_1,60,47.255163,-122.441183,2405,9th St S & Broadway,Pierce Transit,,,,,,YES,YES,NO,YES,53053061601,616.01,053,061601,Good
2,1,2_1,61,47.253717,-122.439563,16580,Commerce St Station - Zone C,Pierce Transit,,,,,,YES,YES,NO,YES,53053061601,616.01,053,061601,Good
202,0,202_0,1,47.192616,-122.410986,14237,72nd St TC - Zone F,Pierce Transit,,,,,,YES,NO,NO,YES,53053063301,633.01,053,063301,Acceptable
202,0,202_0,2,47.191793,-122.41341,803,72nd St E & E L St,Pierce Transit,,,,,,YES,NO,NO,YES,53053063301,633.01,053,063301,Acceptable
202,0,202_0,3,47.191793,-122.415944,805,72nd St E & Golden Given Rd,Pierce Transit,,,,,,YES,NO,NO,YES,53053063302,633.02,053,063302,Acceptable
202,0,202_0,4,47.191829,-122.420053,802,72nd St E & McKinley Ave.,Pierce Transit,,,,,,YES,NO,NO,YES,53053063302,633.02,053,063302,Acceptable
202,0,202_0,5,47.19192,-122.423336,381,72nd St E & E F St,Pierce Transit,,,,,,NO,NO,NO,YES,53053063200,632,053,063200,Acceptable
202,0,202_0,6,47.191923,-122.428075,379,72nd St E & E B St,Pierce Transit,,,,,,NO,NO,NO,YES,53053063200,632,053,063200,Acceptable
202,0,202_0,7,47.191914,-122.434359,386,72nd St S & Pacific Ave,Pierce Transit,,,,,,NO,NO,NO,YES,53053063200,632,053,063200,Acceptable
202,0,202_0,8,47.191937,-122.439546,391,72nd St S & Tacoma Ave,Pierce Transit,,,,,,NO,NO,NO,YES,53053063200,632,053,063200,Acceptable
202,0,202_0,9,47.191955,-122.443679,394,72nd St S & Yakima Ave,Pierce Transit,,,,,,NO,NO,NO,YES,53053063100,631,053,063100,Acceptable
202,0,202_0,10,47.191962,-122.447546,384,72nd St S & J St,Pierce Transit,,,,,,NO,NO,NO,YES,53053063100,631,053,063100,Acceptable
202,0,202_0,11,47.191966,-122.452832,389,72nd St S & Sheridan St,Pierce Transit,,,,,,NO,NO,NO,YES,53053063100,631,053,063100,Acceptable
202,0,202_0,12,47.191981,-122.457637,376,72nd St S & Alaska St,Pierce Transit,,,,,,NO,NO,NO,YES,53053063100,631,053,063100,Acceptable
202,0,202_0,13,47.190208,-122.468858,12690,74th St S & Wapato St,Pierce Transit,,,,,,NO,NO,NO,YES,53053063000,630,053,063000,Acceptable
202,0,202_0,14,47.190221,-122.472897,404,74th St S & Oakes St,Pierce Transit,,,,,,NO,NO,NO,YES,53053063000,630,053,063000,Acceptable
202,0,202_0,15,47.190242,-122.475549,396,74th St S & Cedar St,Pierce Transit,,,,,,NO,NO,NO,YES,53053062902,629.02,053,062902,Acceptable
202,0,202_0,16,47.19026,-122.480885,412,74th St S & Warner St,Pierce Transit,,,,,,NO,NO,NO,YES,53053062902,629.02,053,062902,Acceptable
202,0,202_0,17,47.190352,-122.484397,406,74th St S & S Tacoma Way,Pierce Transit,,,,,,NO,NO,NO,YES,53053062902,629.02,053,062902,Acceptable
202,0,202_0,18,47.190563,-122.490568,15864,74th St S & Madison St,Pierce Transit,,,,,,NO,NO,NO,YES,53053062802,628.02,053,062802,Acceptable
202,0,202_0,19,47.190596,-122.496451,3040,74th St S & S Stevens St,Pierce Transit,,,,,,NO,NO,NO,YES,53053062802,628.02,053,062802,Acceptable
202,0,202_0,20,47.19061,-122.500375,402,74th St S & Mullen St,Pierce Transit,,,,,,NO,NO,NO,YES,53053062802,628.02,053,062802,Acceptable
202,1,202_1,9,47.190524,-122.507738,398,74th St W & Lakewood Dr,Pierce Transit,,,,,,NO,NO,NO,YES,53053071803,718.03,053,071803,Acceptable
202,1,202_1,10,47.190499,-122.501115,13461,74th St S & S Mullen St,Pierce Transit,,,,,,NO,NO,NO,YES,53053062802,628.02,053,062802,Acceptable
202,1,202_1,11,47.190487,-122.495631,3041,74th St S & S Stevens St,Pierce Transit,,,,,,NO,NO,NO,YES,53053062802,628.02,053,062802,Acceptable
202,1,202_1,12,47.190459,-122.490085,15318,74th St S & Madison St,Pierce Transit,,,,,,NO,NO,NO,YES,53053062802,628.02,053,062802,Acceptable
202,1,202_1,13,47.190159,-122.482454,407,74th St S & S Puget Sound Ave,Pierce Transit,,,,,,NO,NO,NO,YES,53053062902,629.02,053,062902,Acceptable
202,1,202_1,14,47.190139,-122.475952,397,74th St S & Cedar St,Pierce Transit,,,,,,NO,NO,NO,YES,53053062902,629.02,053,062902,Acceptable
202,1,202_1,15,47.190119,-122.47083,405,74th St S & Fife St,Pierce Transit,,,,,,NO,NO,NO,YES,53053062902,629.02,053,062902,Acceptable
202,1,202_1,16,47.190088,-122.467992,411,74th St S & Wapato St,Pierce Transit,,,,,,NO,NO,NO,YES,53053063000,630,053,063000,Acceptable
202,1,202_1,17,47.191878,-122.4582,377,72nd St S & Alaska St,Pierce Transit,,,,,,NO,NO,NO,YES,53053063501,635.01,053,063501,Acceptable
202,1,202_1,18,47.19186,-122.451964,390,72nd St S & Sheridan St,Pierce Transit,,,,,,NO,NO,NO,YES,53053063501,635.01,053,063501,Acceptable
202,1,202_1,19,47.191858,-122.447321,385,72nd St S & S J St,Pierce Transit,,,,,,NO,NO,NO,YES,53053063501,635.01,053,063501,Acceptable
202,1,202_1,20,47.191845,-122.44275,395,72nd St S & Yakima Ave,Pierce Transit,,,,,,NO,NO,NO,YES,53053063501,635.01,053,063501,Acceptable
202,1,202_1,21,47.191828,-122.438991,392,72nd St S & Tacoma Ave,Pierce Transit,,,,,,NO,NO,NO,YES,53053063401,634.01,053,063401,Acceptable
202,1,202_1,22,47.191814,-122.435116,388,72nd St S & Pacific Ave,Pierce Transit,,,,,,NO,NO,NO,YES,53053063401,634.01,053,063401,Acceptable
202,1,202_1,23,47.191809,-122.433571,387,72nd St S & Pacific Ave,Pierce Transit,,,,,,NO,NO,NO,YES,53053063401,634.01,053,063401,Acceptable
202,1,202_1,24,47.191819,-122.428232,380,72nd St E & E B St,Pierce Transit,,,,,,NO,NO,NO,YES,53053063401,634.01,053,063401,Acceptable
202,1,202_1,25,47.191812,-122.423223,382,72nd St E & E F St,Pierce Transit,,,,,,NO,NO,NO,YES,53053063401,634.01,053,063401,Acceptable
202,1,202_1,26,47.191719,-122.418322,801,72nd St E & 9th Ave E,Pierce Transit,,,,,,NO,NO,NO,YES,53053071601,716.01,053,071601,Acceptable
202,1,202_1,27,47.19169,-122.414834,804,72nd St E & Golden Given,Pierce Transit,,,,,,NO,NO,NO,YES,53053071601,716.01,053,071601,Acceptable
202,1,202_1,28,47.192616,-122.410986,14237,72nd St TC - Zone F,Pierce Transit,,,,,,YES,NO,NO,YES,53053063301,633.01,053,063301,Acceptable
28,0,28_0,1,47.252385,-122.436846,430,A St & E 12th St,Pierce Transit,,,,,,YES,NO,NO,YES,53053061601,616.01,053,061601,Good
28,0,28_0,2,47.2535,-122.438256,741,11th St S & Pacific Ave,Pierce Transit,,,,,,NO,NO,NO,YES,53053061601,616.01,053,061601,Good
28,0,28_0,3,47.253297,-122.440012,2132,11th St S & S Broadway,Pierce Transit,,,,,,NO,NO,NO,YES,53053061601,616.01,053,061601,Good
28,0,28_0,4,47.253086,-122.441908,2138,11th St S & Market St,Pierce Transit,,,,,,NO,NO,NO,YES,53053061601,616.01,053,061601,Good
28,0,28_0,5,47.252941,-122.443337,2134,11th St S & Fawcett Ave,Pierce Transit,,,,,,NO,NO,NO,YES,53053061601,616.01,053,061601,Good
28,0,28_0,6,47.252788,-122.444761,2142,11th St S & Tacoma Ave,Pierce Transit,,,,,,NO,NO,NO,YES,53053061400,614,053,061400,Good
28,0,28_0,7,47.252526,-122.447293,2143,11th St S & Yakima Ave,Pierce Transit,,,,,,NO,NO,NO,YES,53053061400,614,053,061400,Good
28,0,28_0,8,47.252375,-122.448782,2136,11th St S & I St,Pierce Transit,,,,,,NO,NO,NO,YES,53053061400,614,053,061400,Good
28,0,28_0,9,47.252043,-122.452041,2139,11th St S & MLK Jr Wy,Pierce Transit,,,,,,NO,NO,NO,YES,53053061400,614,053,061400,Good
28,0,28_0,10,47.251778,-122.454416,2137,11th St S & M St,Pierce Transit,,,,,,NO,NO,NO,YES,53053061300,613,053,061300,Good
28,0,28_0,11,47.251467,-122.457381,2133,11th St S & Cushman St,Pierce Transit,,,,,,NO,NO,NO,YES,53053061300,613,053,061300,Good
28,0,28_0,12,47.251165,-122.460226,2135,S 11th St & Grant Ave,Pierce Transit,,,,,,NO,NO,NO,YES,53053061300,613,053,061300,Good
28,0,28_0,13,47.250902,-122.462745,2141,11th St S & Sprague Ave,Pierce Transit,,,,,,NO,NO,NO,YES,53053061300,613,053,061300,Good
28,0,28_0,14,47.250161,-122.465896,2185,12th St S & State St,Pierce Transit,,,,,,NO,NO,NO,YES,53053061200,612,053,061200,Good
28,0,28_0,15,47.250148,-122.470211,2153,12th St S & Fife St,Pierce Transit,,,,,,NO,NO,NO,YES,53053061200,612,053,061200,Good
28,0,28_0,16,47.250133,-122.473508,2178,12th St S & Pine St,Pierce Transit,,,,,,NO,NO,NO,YES,53053061200,612,053,061200,Good
28,0,28_0,17,47.250116,-122.4766,2150,12th St S & Cedar St,Pierce Transit,,,,,,NO,NO,NO,YES,53053061200,612,053,061200,Good
28,0,28_0,18,47.250112,-122.479069,2162,12th St S & Lawrence St,Pierce Transit,,,,,,NO,NO,NO,YES,53053061200,612,053,061200,Good
28,0,28_0,19,47.250108,-122.480591,2198,12th St S & Warner St,Pierce Transit,,,,,,NO,NO,NO,YES,53053061200,612,053,061200,Good
28,0,28_0,20,47.250086,-122.483462,2193,12th St S & Union Ave,Pierce Transit,,,,,,NO,NO,NO,YES,53053061200,612,053,061200,Good
28,0,28_0,21,47.25012,-122.48932,2180,12th St S & Proctor St,Pierce Transit,,,,,,NO,NO,NO,YES,53053061100,611,053,061100,Good
28,0,28_0,22,47.250161,-122.492979,2191,12th St S & Tyler St,Pierce Transit,,,,,,NO,NO,NO,YES,53053061100,611,053,061100,Good
28,0,28_0,23,47.2502,-122.495671,2189,12th St S & Stevens St,Pierce Transit,,,,,,NO,NO,NO,YES,53053061100,611,053,061100,Good
28,0,28_0,24,47.250219,-122.502982,2169,12th St S & Moorlands Dr,Pierce Transit,,,,,,NO,NO,NO,YES,53053061100,611,053,061100,Good
28,0,28_0,25,47.250224,-122.505375,2173,12th St S & Orchard St,Pierce Transit,,,,,,NO,NO,NO,YES,53053061100,611,053,061100,Good
28,0,28_0,26,47.250154,-122.5129,2157,12th St S & Highland Ave,Pierce Transit,,,,,,NO,NO,NO,YES,53053061002,610.02,053,061002,Good
28,0,28_0,27,47.250053,-122.516215,2176,12th St S & Pearl St,Pierce Transit,,,,,,NO,NO,NO,YES,53053061002,610.02,053,061002,Good
28,0,28_0,28,47.250031,-122.519171,2149,12th St S & Vassault St S,Pierce Transit,,,,,,NO,NO,NO,YES,53053061002,610.02,053,061002,Good
28,0,28_0,29,47.249984,-122.523057,2200,12th St S & Whitman St,Pierce Transit,,,,,,NO,NO,NO,YES,53053061002,610.02,053,061002,Good
28,0,28_0,30,47.249735,-122.526374,1348,Mildred St S & S 12th St,Pierce Transit,,,,,,YES,YES,NO,YES,53053061002,610.02,053,061002,Good
28,0,28_0,31,47.245125,-122.526393,1351,Mildred St S & James Ctr Plaza,Pierce Transit,,,,,,YES,YES,NO,YES,53053061002,610.02,053,061002,Good
28,0,28_0,32,47.243311,-122.525627,5561,TCC TC - Zone B,Pierce Transit,,,,,,YES,NO,NO,YES,53053061002,610.02,053,061002,Good
28,1,28_1,1,47.243311,-122.525627,5561,TCC TC - Zone B,Pierce Transit,,,,,,YES,NO,NO,YES,53053061002,610.02,053,061002,Great
28,1,28_1,2,47.247388,-122.526243,1352,Mildred St S & 15th St S,Pierce Transit,,,,,,YES,YES,YES,YES,53053061002,610.02,053,061002,Great
28,1,28_1,3,47.249857,-122.525822,2167,12th St S & Mildred St,Pierce Transit,,,,,,YES,NO,NO,YES,53053061002,610.02,053,061002,Great
28,1,28_1,4,47.249894,-122.522302,2201,12th St S & Whitman St,Pierce Transit,,,,,,YES,NO,NO,YES,53053061002,610.02,053,061002,Great
28,1,28_1,5,47.249926,-122.519235,2148,12th St S & Vassault St S,Pierce Transit,,,,,,YES,NO,NO,YES,53053061002,610.02,053,061002,Great
28,1,28_1,6,47.249949,-122.516034,2177,12th St S & Pearl St,Pierce Transit,,,,,,NO,NO,NO,YES,53053061002,610.02,053,061002,Great
28,1,28_1,7,47.250051,-122.512832,2158,12th St S & Highland Ave,Pierce Transit,,,,,,NO,NO,NO,YES,53053061002,610.02,053,061002,Great
28,1,28_1,8,47.250115,-122.506917,2197,12th St S & Villard St,Pierce Transit,,,,,,NO,NO,NO,YES,53053061100,611,053,061100,Great
28,1,28_1,9,47.250116,-122.502608,2170,12th St S & Moorlands Dr,Pierce Transit,,,,,,NO,NO,NO,YES,53053061100,611,053,061100,Great
28,1,28_1,10,47.250097,-122.496094,2190,12th St S & Stevens St,Pierce Transit,,,,,,NO,NO,NO,YES,53053061100,611,053,061100,Great
28,1,28_1,11,47.25005,-122.492439,2192,12th St S & Tyler St,Pierce Transit,,,,,,NO,NO,NO,YES,53053061100,611,053,061100,Great
28,1,28_1,12,47.25001,-122.489034,2181,12th St S & Proctor St,Pierce Transit,,,,,,NO,NO,NO,YES,53053061100,611,053,061100,Great
28,1,28_1,13,47.249981,-122.483805,2194,12th St S & Union Ave,Pierce Transit,,,,,,NO,NO,NO,YES,53053061100,611,053,061100,Great
28,1,28_1,14,47.250008,-122.480628,2199,12th St S & Warner St,Pierce Transit,,,,,,NO,NO,NO,YES,53053061200,612,053,061200,Great
28,1,28_1,15,47.250013,-122.478582,2146,12th St S & Lawrence St,Pierce Transit,,,,,,NO,NO,NO,YES,53053061200,612,053,061200,Great
28,1,28_1,16,47.25001,-122.476383,2151,12th St S & Cedar St,Pierce Transit,,,,,,NO,NO,NO,YES,53053061200,612,053,061200,Great
28,1,28_1,17,47.25003,-122.473713,2179,12th St S & Pine St,Pierce Transit,,,,,,NO,NO,NO,YES,53053061200,612,053,061200,Great
28,1,28_1,18,47.250047,-122.470024,2154,12th St S & Fife St,Pierce Transit,,,,,,NO,NO,NO,YES,53053061200,612,053,061200,Great
28,1,28_1,19,47.250059,-122.465752,2186,12th St S & State St,Pierce Transit,,,,,,NO,NO,NO,YES,53053061200,612,053,061200,Great
28,1,28_1,20,47.250062,-122.462666,2184,Earnest S Brazill St & Sprague,Pierce Transit,,,,,,NO,NO,NO,YES,53053061300,613,053,061300,Great
28,1,28_1,21,47.250053,-122.459802,2156,Earnest S Brazill St & Grant,Pierce Transit,,,,,,NO,NO,NO,YES,53053061300,613,053,061300,Great
28,1,28_1,22,47.250317,-122.457306,2152,Earnest S Brazill St & Cushman,Pierce Transit,,,,,,NO,NO,NO,YES,53053061300,613,053,061300,Great
28,1,28_1,23,47.250634,-122.454442,2163,Earnest S Brazill St & M St,Pierce Transit,,,,,,NO,NO,NO,YES,53053061300,613,053,061300,Great
28,1,28_1,24,47.250922,-122.451682,2168,Earnest S Brazill St & MLK Jr Wy,Pierce Transit,,,,,,NO,NO,NO,YES,53053061400,614,053,061400,Great
28,1,28_1,25,47.251298,-122.448111,2159,Earnest S Brazill St & South I St,Pierce Transit,,,,,,NO,NO,NO,YES,53053061400,614,053,061400,Great
28,1,28_1,26,47.250582,-122.445141,32555,13th St S & G St S,Pierce Transit,,,,,,NO,NO,NO,YES,53053061400,614,053,061400,Great
28,1,28_1,27,47.250726,-122.443623,2204,13th St S & Tacoma Ave,Pierce Transit,,,,,,NO,NO,NO,YES,53053061601,616.01,053,061601,Great
28,1,28_1,28,47.250844,-122.442125,2203,13th St S & Fawcett Ave,Pierce Transit,,,,,,NO,NO,NO,YES,53053061601,616.01,053,061601,Great
28,1,28_1,29,47.250994,-122.440701,3066,13th St S & Market St,Pierce Transit,,,,,,NO,NO,NO,YES,53053061601,616.01,053,061601,Great
28,1,28_1,30,47.252385,-122.436846,430,A St & E 12th St,Pierce Transit,,,,,,YES,NO,NO,YES,53053061601,616.01,053,061601,Great
3,0,3_0,1,47.254469,-122.439739,707,Commerce St Station - Zone B,Pierce Transit,,,,,,YES,YES,NO,YES,53053061601,616.01,053,061601,Great
3,0,3_0,2,47.250225,-122.438019,26174,Pacific Ave & S 14th St,Pierce Transit,,,,,,YES,YES,YES,YES,53053061601,616.01,053,061601,Great
3,0,3_0,3,47.247566,-122.437303,19184,Pacific Ave & S 17th St,Pierce Transit,,,,,,YES,YES,YES,YES,53053060200,602,053,060200,Great
3,0,3_0,4,47.245462,-122.438924,12075,Jefferson Ave S & S 19th St,Pierce Transit,,,,,,NO,NO,NO,YES,53053061602,616.02,053,061602,Great
3,0,3_0,5,47.242538,-122.439316,31686,Jefferson Ave S & S 21st St,Pierce Transit,,,,,,NO,NO,NO,YES,53053061602,616.02,053,061602,Great
3,0,3_0,6,47.238662,-122.439003,31732,Jefferson Ave S & S 25th St,Pierce Transit,,,,,,NO,NO,NO,YES,53053061602,616.02,053,061602,Great
3,0,3_0,7,47.236813,-122.439387,23668,Jefferson Ave & S Fawcett Ave,Pierce Transit,,,,,,NO,NO,NO,YES,53053061602,616.02,053,061602,Great
3,0,3_0,8,47.23526,-122.440744,666,Center St & Tacoma Ave,Pierce Transit,,,,,,NO,NO,NO,YES,53053061700,617,053,061700,Great
3,0,3_0,9,47.233796,-122.446578,651,Center St & S J St,Pierce Transit,,,,,,NO,NO,NO,YES,53053061700,617,053,061700,Great
3,0,3_0,10,47.232133,-122.45964,2857,S Tacoma Way & Wilkeson St,Pierce Transit,,,,,,NO,NO,NO,YES,53053062600,626,053,062600,Great
3,0,3_0,11,47.232217,-122.463448,2465,S Tacoma Way & Sprague Ave,Pierce Transit,,,,,,NO,NO,NO,YES,53053062600,626,053,062600,Great
3,0,3_0,12,47.231724,-122.466797,2467,S Tacoma Way & Trafton St,Pierce Transit,,,,,,NO,NO,NO,YES,53053062600,626,053,062600,Great
3,0,3_0,13,47.230811,-122.470644,2431,S Tacoma Way & Fife St,Pierce Transit,,,,,,NO,NO,NO,YES,53053062600,626,053,062600,Great
3,0,3_0,14,47.227848,-122.473627,1915,Pine St S & S 35th St,Pierce Transit,,,,,,NO,NO,NO,YES,53053062600,626,053,062600,Great
3,0,3_0,15,47.22595,-122.473618,1917,Pine St S & S 36th St,Pierce Transit,,,,,,NO,NO,NO,YES,53053062600,626,053,062600,Great
3,0,3_0,16,47.22207,-122.473713,1919,Pine St S & S 38th St,Pierce Transit,,,,,,NO,NO,NO,YES,53053062600,626,053,062600,Great
3,0,3_0,17,47.220631,-122.4737,1920,Pine St S & S 40th St,Pierce Transit,,,,,,NO,NO,NO,YES,53053062600,626,053,062600,Great
3,0,3_0,18,47.217578,-122.473717,1923,Pine St S & S 45th St,Pierce Transit,,,,,,NO,NO,NO,YES,53053062901,629.01,053,062901,Great
3,0,3_0,19,47.214728,-122.472606,2311,47th St S & Oakes St,Pierce Transit,,,,,,YES,YES,NO,YES,53053062600,626,053,062600,Great
3,0,3_0,20,47.213787,-122.469208,5407,Tacoma Mall TC - Zone G,Pierce Transit,,,,,,NO,NO,NO,YES,53053062600,626,053,062600,Great
3,0,3_0,21,47.214834,-122.472855,2310,47th St S & Oakes St,Pierce Transit,,,,,,YES,YES,NO,YES,53053062600,626,053,062600,Great
3,0,3_0,22,47.214917,-122.47632,2306,47th St S & Cedar St,Pierce Transit,,,,,,YES,YES,NO,YES,53053062901,629.01,053,062901,Great
3,0,3_0,23,47.214923,-122.478884,2308,47th St S & Lawrence St,Pierce Transit,,,,,,YES,YES,NO,YES,53053062901,629.01,053,062901,Great
3,0,3_0,24,47.214921,-122.481371,10735,47th St S & Puget Sound Ave S,Pierce Transit,,,,,,NO,NO,NO,YES,53053062901,629.01,053,062901,Great
3,0,3_0,25,47.211768,-122.483747,2437,S Tacoma Way & S 50th St,Pierce Transit,,,,,,NO,NO,NO,YES,53053062600,626,053,062600,Great
3,0,3_0,26,47.209494,-122.483848,2440,S Tacoma Way & S 52nd St,Pierce Transit,,,,,,NO,NO,NO,YES,53053062600,626,053,062600,Great
3,0,3_0,27,47.208139,-122.483773,2441,S Tacoma Way & S 54th St,Pierce Transit,,,,,,NO,NO,NO,YES,53053062600,626,053,062600,Great
3,0,3_0,28,47.206339,-122.483796,2443,S Tacoma Way & S 56th St,Pierce Transit,,,,,,NO,NO,NO,YES,53053062600,626,053,062600,Great
3,0,3_0,29,47.204036,-122.483787,2446,S Tacoma Way & S 58th St,Pierce Transit,,,,,,NO,NO,NO,YES,53053062600,626,053,062600,Great
3,0,3_0,30,47.202525,-122.483756,2448,S Tacoma Way & S 60th St,Pierce Transit,,,,,,NO,NO,NO,YES,53053062600,626,053,062600,Great
3,0,3_0,31,47.196763,-122.483768,2454,S Tacoma Way & S 66th St,Pierce Transit,,,,,,NO,NO,NO,YES,53053062902,629.02,053,062902,Great
3,0,3_0,32,47.193595,-122.483748,2458,S Tacoma Way & S 70th St,Pierce Transit,,,,,,NO,NO,NO,YES,53053062902,629.02,053,062902,Great
3,0,3_0,33,47.189939,-122.483762,2462,S Tacoma Way & S 74th St,Pierce Transit,,,,,,NO,NO,NO,YES,53053062902,629.02,053,062902,Great
3,0,3_0,34,47.186997,-122.483762,2463,S Tacoma Way & 80th St S,Pierce Transit,,,,,,NO,NO,NO,YES,53053062902,629.02,053,062902,Great
3,1,3_1,21,47.188207,-122.483623,2419,S Tacoma Way & S 74th St,Pierce Transit,,,,,,NO,NO,NO,YES,53053062902,629.02,053,062902,Good
3,1,3_1,22,47.190479,-122.483609,2461,S Tacoma Way & S 74th St,Pierce Transit,,,,,,NO,NO,NO,YES,53053062902,629.02,053,062902,Good
3,1,3_1,23,47.194012,-122.483598,2457,S Tacoma Way & S 70th St,Pierce Transit,,,,,,NO,NO,NO,YES,53053062902,629.02,053,062902,Good
3,1,3_1,24,47.197706,-122.48363,2453,S Tacoma Way & S 66th St,Pierce Transit,,,,,,NO,NO,NO,YES,53053062600,626,053,062600,Good
3,1,3_1,25,47.201203,-122.483594,2449,S Tacoma Way & S 62nd St,Pierce Transit,,,,,,NO,NO,NO,YES,53053062600,626,053,062600,Good
3,1,3_1,26,47.20606,-122.483669,2444,S Tacoma Way & S 56th St,Pierce Transit,,,,,,NO,NO,NO,YES,53053062600,626,053,062600,Good
3,1,3_1,27,47.207927,-122.483653,2442,S Tacoma Way & S 54th St,Pierce Transit,,,,,,NO,NO,NO,YES,53053062600,626,053,062600,Good
3,1,3_1,28,47.209537,-122.483628,2439,S Tacoma Way & S 52nd St,Pierce Transit,,,,,,NO,NO,NO,YES,53053062600,626,053,062600,Good
3,1,3_1,29,47.211905,-122.483599,2438,S Tacoma Way & S 50th St,Pierce Transit,,,,,,NO,NO,NO,YES,53053062901,629.01,053,062901,Good
3,1,3_1,30,47.214826,-122.481634,4838,47th St S & Puget Sound Ave,Pierce Transit,,,,,,NO,NO,NO,YES,53053062901,629.01,053,062901,Good
3,1,3_1,31,47.214824,-122.479186,2309,47th St S & Lawrence St,Pierce Transit,,,,,,YES,YES,NO,YES,53053062901,629.01,053,062901,Good
3,1,3_1,32,47.214827,-122.476598,2307,47th St S & Cedar St,Pierce Transit,,,,,,YES,YES,NO,YES,53053062901,629.01,053,062901,Good
3,1,3_1,33,47.214728,-122.472606,2311,47th St S & Oakes St,Pierce Transit,,,,,,YES,YES,NO,YES,53053062600,626,053,062600,Good
3,1,3_1,34,47.21385,-122.469527,7096,Tacoma Mall TC - Zone F,Pierce Transit,,,,,,NO,NO,NO,YES,53053062600,626,053,062600,Good
3,1,3_1,35,47.214834,-122.472855,2310,47th St S & Oakes St,Pierce Transit,,,,,,YES,YES,NO,YES,53053062600,626,053,062600,Good
3,1,3_1,36,47.217564,-122.473579,1922,Pine St S & S 45th St,Pierce Transit,,,,,,NO,NO,NO,YES,53053062600,626,053,062600,Good
3,1,3_1,37,47.2206,-122.473562,1921,Pine St S & S 40th St,Pierce Transit,,,,,,NO,NO,NO,YES,53053062600,626,053,062600,Good
3,1,3_1,38,47.2221,-122.473566,1918,Pine St S & S 38th St,Pierce Transit,,,,,,NO,NO,NO,YES,53053062600,626,053,062600,Good
3,1,3_1,39,47.226117,-122.473475,1916,Pine St S & S 36th St,Pierce Transit,,,,,,NO,NO,NO,YES,53053062600,626,053,062600,Good
3,1,3_1,40,47.227979,-122.473495,1914,Pine St S & S 35th St,Pierce Transit,,,,,,NO,NO,NO,YES,53053062600,626,053,062600,Good
3,1,3_1,41,47.230472,-122.471174,2469,S Tacoma Way & Fife St,Pierce Transit,,,,,,NO,NO,NO,YES,53053062600,626,053,062600,Good
3,1,3_1,42,47.231587,-122.467011,2468,S Tacoma Way & Trafton St,Pierce Transit,,,,,,NO,NO,NO,YES,53053062600,626,053,062600,Good
3,1,3_1,43,47.232138,-122.463081,2466,S Tacoma Way & Sprague Ave,Pierce Transit,,,,,,NO,NO,NO,YES,53053062600,626,053,062600,Good
3,1,3_1,44,47.231956,-122.458787,587080285,S Tacoma Wy / Wilkeson,Pierce Transit,,,,,,NO,NO,NO,YES,53053062600,626,053,062600,Good
3,1,3_1,45,47.233752,-122.450144,654,Center St & M St,Pierce Transit,,,,,,NO,NO,NO,YES,53053062600,626,053,062600,Good
3,1,3_1,46,47.233689,-122.446417,652,Center St & J St,Pierce Transit,,,,,,NO,NO,NO,YES,53053062600,626,053,062600,Good
3,1,3_1,47,47.233885,-122.444053,636,Center St & Yakima Ave,Pierce Transit,,,,,,NO,NO,NO,YES,53053062600,626,053,062600,Good
3,1,3_1,48,47.236173,-122.439625,6445,Jefferson Ave & S 27th St,Pierce Transit,,,,,,NO,NO,NO,YES,53053061602,616.02,053,061602,Good
3,1,3_1,49,47.238834,-122.438868,12373,Jefferson Ave S & S 25th St,Pierce Transit,,,,,,NO,NO,NO,YES,53053061602,616.02,053,061602,Good
3,1,3_1,50,47.243055,-122.439222,13926,Jefferson Ave S & S 21st St,Pierce Transit,,,,,,NO,NO,NO,YES,53053061602,616.02,053,061602,Good
3,1,3_1,51,47.246973,-122.438615,9687,Broadway & S 17th St,Pierce Transit,,,,,,NO,NO,NO,YES,53053061602,616.02,053,061602,Good
3,1,3_1,52,47.247919,-122.437266,21022,Pacific Ave & Hood St,Pierce Transit,,,,,,YES,YES,NO,YES,53053061602,616.02,053,061602,Good
3,1,3_1,53,47.250254,-122.437883,27574,Pacific Ave & S 14th St,Pierce Transit,,,,,,YES,YES,NO,YES,53053061601,616.01,053,061601,Good
3,1,3_1,54,47.254184,-122.439531,708,Commerce St Station - Zone F,Pierce Transit,,,,,,YES,YES,NO,YES,53053061601,616.01,053,061601,Good
400,0,400_0,1,47.253717,-122.439563,16580,Commerce St Station - Zone C,Pierce Transit,,,,,,YES,YES,NO,YES,53053061601,616.01,053,061601,Great
400,0,400_0,2,47.250225,-122.438019,26174,Pacific Ave & S 14th St,Pierce Transit,,,,,,YES,YES,YES,YES,53053061601,616.01,053,061601,Great
400,0,400_0,3,47.247566,-122.437303,19184,Pacific Ave & S 17th St,Pierce Transit,,,,,,YES,YES,YES,YES,53053060200,602,053,060200,Great
400,0,400_0,4,47.244818,-122.436784,1677,Pacific Ave & S 19th St,Pierce Transit,,,,,,YES,YES,YES,YES,53053061602,616.02,053,061602,Great
400,0,400_0,5,47.242851,-122.436347,1680,Pacific Ave & S 21st St,Pierce Transit,,,,,,YES,YES,NO,YES,53053061602,616.02,053,061602,Great
400,0,400_0,6,47.24001,-122.435137,2059,24th St S & Pacific Ave,Pierce Transit,,,,,,YES,YES,NO,YES,53053061602,616.02,053,061602,Great
400,0,400_0,7,47.240219,-122.433118,2054,Puyallup Ave & E Dock St,Pierce Transit,,,,,,YES,YES,NO,YES,53053061602,616.02,053,061602,Great
400,0,400_0,8,47.240562,-122.429626,2047,Puyallup Ave & E D St,Pierce Transit,,,,,,YES,YES,NO,YES,53053060200,602,053,060200,Great
400,0,400_0,9,47.241008,-122.425334,12938,Tacoma Dome Station - Zone C,Pierce Transit,,,,,,YES,YES,NO,YES,53053060200,602,053,060200,Great
400,0,400_0,10,47.241881,-122.417469,2051,Puyallup Ave & E L St,Pierce Transit,,,,,,YES,YES,NO,YES,53053060200,602,053,060200,Great
400,1,400_1,21,47.241984,-122.417304,2050,Puyallup Ave & E L St,Pierce Transit,,,,,,YES,YES,NO,YES,53053060200,602,053,060200,Good
400,1,400_1,22,47.240805,-122.426106,20163,Tacoma Dome Station - Zone E,Pierce Transit,,,,,,YES,YES,NO,YES,53053060200,602,053,060200,Good
400,1,400_1,23,47.240533,-122.430865,2046,Puyallup Ave & E C St,Pierce Transit,,,,,,YES,YES,NO,YES,53053060200,602,053,060200,Good
400,1,400_1,24,47.240274,-122.433138,2053,Puyallup Ave & E Dock St,Pierce Transit,,,,,,YES,YES,NO,YES,53053060200,602,053,060200,Good
400,1,400_1,25,47.240368,-122.435553,1629,Pacific Ave & S 24th St,Pierce Transit,,,,,,YES,YES,NO,YES,53053061602,616.02,053,061602,Good
400,1,400_1,26,47.243357,-122.436194,7889,Pacific Ave & S 21st St,Pierce Transit,,,,,,YES,YES,NO,YES,53053060200,602,053,060200,Good
400,1,400_1,27,47.245089,-122.436492,1678,Pacific Ave & S 19th St,Pierce Transit,,,,,,YES,YES,NO,YES,53053060200,602,053,060200,Good
400,1,400_1,28,47.247919,-122.437266,21022,Pacific Ave & Hood St,Pierce Transit,,,,,,YES,YES,NO,YES,53053061602,616.02,053,061602,Good
400,1,400_1,29,47.250254,-122.437883,27574,Pacific Ave & S 14th St,Pierce Transit,,,,,,YES,YES,NO,YES,53053061601,616.01,053,061601,Good
400,1,400_1,30,47.254184,-122.439531,708,Commerce St Station - Zone F,Pierce Transit,,,,,,YES,YES,NO,YES,53053061601,616.01,053,061601,Good
409,0,409_0,15,47.191773,-122.397642,2987,72nd St E & Grandview St,Pierce Transit,,,,,,NO,NO,NO,YES,53053063301,633.01,053,063301,Ok
409,0,409_0,16,47.191777,-122.403757,806,72nd St E & T St E,Pierce Transit,,,,,,NO,NO,NO,YES,53053063301,633.01,053,063301,Ok
409,0,409_0,17,47.191791,-122.407423,807,72nd St E & Portland Ave,Pierce Transit,,,,,,NO,NO,NO,YES,53053063301,633.01,053,063301,Ok
409,0,409_0,18,47.192287,-122.410978,13303,72nd St TC - Zone D,Pierce Transit,,,,,,NO,NO,NO,YES,53053063301,633.01,053,063301,Ok
409,1,409_1,1,47.192287,-122.410978,13303,72nd St TC - Zone D,Pierce Transit,,,,,,NO,NO,NO,YES,53053063301,633.01,053,063301,Ok
409,1,409_1,2,47.191683,-122.406651,808,72nd St E & Portland Ave,Pierce Transit,,,,,,NO,NO,NO,YES,53053071601,716.01,053,071601,Ok
409,1,409_1,3,47.19167,-122.402631,809,72nd St E & 20th Ave E.,Pierce Transit,,,,,,NO,NO,NO,YES,53053071601,716.01,053,071601,Ok
409,1,409_1,4,47.191681,-122.395945,3543,72nd St E& 25th Ave E,Pierce Transit,,,,,,NO,NO,NO,YES,53053940004,9400.04,053,940004,Ok
41,0,41_0,1,47.253717,-122.439563,16580,Commerce St Station - Zone C,Pierce Transit,,,,,,YES,YES,NO,YES,53053061601,616.01,053,061601,Great
41,0,41_0,2,47.250225,-122.438019,26174,Pacific Ave & S 14th St,Pierce Transit,,,,,,YES,YES,YES,YES,53053061601,616.01,053,061601,Great
41,0,41_0,3,47.247566,-122.437303,19184,Pacific Ave & S 17th St,Pierce Transit,,,,,,YES,YES,YES,YES,53053060200,602,053,060200,Great
41,0,41_0,4,47.244818,-122.436784,1677,Pacific Ave & S 19th St,Pierce Transit,,,,,,YES,YES,YES,YES,53053061602,616.02,053,061602,Great
41,0,41_0,5,47.242851,-122.436347,1680,Pacific Ave & S 21st St,Pierce Transit,,,,,,YES,YES,NO,YES,53053061602,616.02,053,061602,Great
41,0,41_0,6,47.24001,-122.435137,2059,24th St S & Pacific Ave,Pierce Transit,,,,,,YES,YES,NO,YES,53053061602,616.02,053,061602,Great
41,0,41_0,7,47.240219,-122.433118,2054,Puyallup Ave & E Dock St,Pierce Transit,,,,,,YES,YES,NO,YES,53053061602,616.02,053,061602,Great
41,0,41_0,8,47.240562,-122.429626,2047,Puyallup Ave & E D St,Pierce Transit,,,,,,YES,YES,NO,YES,53053060200,602,053,060200,Great
41,0,41_0,9,47.241008,-122.425334,12938,Tacoma Dome Station - Zone C,Pierce Transit,,,,,,YES,YES,NO,YES,53053060200,602,053,060200,Great
41,0,41_0,10,47.241881,-122.417469,2051,Puyallup Ave & E L St,Pierce Transit,,,,,,YES,YES,NO,YES,53053060200,602,053,060200,Great
41,0,41_0,11,47.240624,-122.410958,1961,Portland Ave & E 26th St,Pierce Transit,,,,,,NO,NO,NO,YES,53053060200,602,053,060200,Great
41,0,41_0,12,47.236987,-122.410075,1963,Portland Ave E & E 30th St,Pierce Transit,,,,,,NO,NO,NO,YES,53053940007,9400.07,053,940007,Great
41,0,41_0,13,47.23477,-122.408853,8127,32nd St E & E Portland Ave,Pierce Transit,,,,,,NO,NO,NO,YES,53053940007,9400.07,053,940007,Great
41,0,41_0,14,47.235211,-122.40454,4294,32nd St E & E R St,Pierce Transit,,,,,,NO,NO,NO,YES,53053940007,9400.07,053,940007,Great
41,0,41_0,15,47.234759,-122.40032,6416,Roosevelt Ave E & Wright Ave,Pierce Transit,,,,,,NO,NO,NO,YES,53053940007,9400.07,053,940007,Great
41,0,41_0,16,47.233339,-122.399992,2103,Roosevelt Ave E & E 34th St,Pierce Transit,,,,,,NO,NO,NO,YES,53053940007,9400.07,053,940007,Great
41,0,41_0,17,47.231839,-122.399649,2117,Roosevelt Ave E & Harrison St,Pierce Transit,,,,,,NO,NO,NO,YES,53053940007,9400.07,053,940007,Great
41,0,41_0,18,47.228652,-122.398936,2120,Roosevelt Ave E & Sherman St,Pierce Transit,,,,,,NO,NO,NO,YES,53053940007,9400.07,053,940007,Great
41,0,41_0,19,47.22598,-122.398854,2105,Roosevelt Ave E & E 37th St,Pierce Transit,,,,,,NO,NO,NO,YES,53053940007,9400.07,053,940007,Great
41,0,41_0,20,47.222441,-122.398765,2107,Roosevelt Ave E & E 39th St,Pierce Transit,,,,,,NO,NO,NO,YES,53053940006,9400.06,053,940006,Great
41,0,41_0,21,47.219087,-122.398083,2108,Roosevelt Ave E & E 42nd St,Pierce Transit,,,,,,NO,NO,NO,YES,53053940006,9400.06,053,940006,Great
41,0,41_0,22,47.216817,-122.397725,2110,44th St E & Roosevelt,Pierce Transit,,,,,,NO,NO,NO,YES,53053940006,9400.06,053,940006,Great
41,0,41_0,23,47.216827,-122.402298,780,44th St E & T St E,Pierce Transit,,,,,,NO,NO,NO,YES,53053940006,9400.06,053,940006,Great
41,0,41_0,24,47.217206,-122.404389,777,44th St E & E R St,Pierce Transit,,,,,,NO,NO,NO,YES,53053940006,9400.06,053,940006,Great
41,0,41_0,25,47.217559,-122.407138,775,44th St E & Portland Ave,Pierce Transit,,,,,,NO,NO,NO,YES,53053940006,9400.06,053,940006,Great
41,0,41_0,26,47.215544,-122.407727,3898,Portland Ave & E 46th St,Pierce Transit,,,,,,YES,NO,NO,YES,53053062300,623,053,062300,Great
41,0,41_0,27,47.213643,-122.407756,1976,Portland Ave E & E 48th St,Pierce Transit,,,,,,YES,NO,NO,YES,53053062300,623,053,062300,Great
41,0,41_0,28,47.21028,-122.407958,18080,Portland Ave E & Pipeline Rd E,Pierce Transit,,,,,,YES,NO,NO,YES,53053062300,623,053,062300,Great
41,0,41_0,29,47.206307,-122.40824,795,56th St E & Portland Ave,Pierce Transit,,,,,,NO,NO,NO,YES,53053062300,623,053,062300,Great
41,0,41_0,30,47.206334,-122.41179,791,56th St E & E M St,Pierce Transit,,,,,,NO,NO,NO,YES,53053062300,623,053,062300,Great
41,0,41_0,31,47.206362,-122.415558,789,56th St E & E K St,Pierce Transit,,,,,,NO,NO,NO,YES,53053062300,623,053,062300,Great
41,0,41_0,32,47.206398,-122.420687,793,56th St E & McKinley Ave,Pierce Transit,,,,,,NO,NO,NO,YES,53053062300,623,053,062300,Great
41,0,41_0,33,47.206401,-122.42459,785,56th St E & E E St,Pierce Transit,,,,,,NO,NO,NO,YES,53053062400,624,053,062400,Great
41,0,41_0,34,47.206412,-122.428221,783,56th St E & E C St,Pierce Transit,,,,,,NO,NO,NO,YES,53053062400,624,053,062400,Great
41,0,41_0,35,47.206414,-122.430257,782,56th St E & E B St,Pierce Transit,,,,,,NO,NO,NO,YES,53053062400,624,053,062400,Great
41,0,41_0,36,47.206438,-122.434762,2368,56th St S & Pacific Ave,Pierce Transit,,,,,,NO,NO,NO,YES,53053062400,624,053,062400,Great
41,0,41_0,37,47.206464,-122.440723,2372,56th St S & S G St,Pierce Transit,,,,,,NO,NO,NO,YES,53053062400,624,053,062400,Great
41,0,41_0,38,47.206501,-122.443557,2381,56th St S & Yakima St,Pierce Transit,,,,,,NO,NO,NO,YES,53053062502,625.02,053,062502,Great
41,0,41_0,39,47.206504,-122.447437,2374,56th St S & S J St,Pierce Transit,,,,,,NO,NO,NO,YES,53053062502,625.02,053,062502,Great
41,0,41_0,40,47.206519,-122.452126,2376,56th St S & S Sheridan Ave,Pierce Transit,,,,,,NO,NO,NO,YES,53053062502,625.02,053,062502,Great
41,0,41_0,41,47.206524,-122.454487,2355,56th St S & Cushman Ave,Pierce Transit,,,,,,NO,NO,NO,YES,53053062502,625.02,053,062502,Great
41,0,41_0,42,47.206606,-122.458408,2346,56th St S & Alaska St,Pierce Transit,,,,,,NO,NO,NO,YES,53053062502,625.02,053,062502,Great
41,0,41_0,43,47.206512,-122.464827,279,56th St S & Tacoma Mall Blvd,Pierce Transit,,,,,,NO,NO,NO,YES,53053063000,630,053,063000,Great
41,0,41_0,44,47.206523,-122.47131,277,56th St S & Fife St,Pierce Transit,,,,,,NO,NO,NO,YES,53053063000,630,053,063000,Great
41,0,41_0,45,47.207957,-122.472253,1540,Oakes St S & S 54th St,Pierce Transit,,,,,,YES,NO,NO,YES,53053063000,630,053,063000,Great
41,0,41_0,46,47.210962,-122.472311,1538,Oakes St S & S 51st St,Pierce Transit,,,,,,NO,NO,NO,YES,53053062600,626,053,062600,Great
41,0,41_0,47,47.214728,-122.472606,2311,47th St S & Oakes St,Pierce Transit,,,,,,YES,YES,NO,YES,53053062600,626,053,062600,Great
41,0,41_0,48,47.213805,-122.469867,5052,Tacoma Mall TC - Zone D,Pierce Transit,,,,,,YES,NO,NO,YES,53053062600,626,053,062600,Great
41,1,41_1,1,47.213805,-122.469867,5052,Tacoma Mall TC - Zone D,Pierce Transit,,,,,,YES,NO,NO,YES,53053062600,626,053,062600,Good
41,1,41_1,2,47.213937,-122.472677,1535,Oakes St S & S 48th St,Pierce Transit,,,,,,NO,NO,NO,YES,53053062600,626,053,062600,Good
41,1,41_1,3,47.209523,-122.472407,1539,Oakes St S & S 52nd St,Pierce Transit,,,,,,NO,NO,NO,YES,53053062600,626,053,062600,Good
41,1,41_1,4,47.207574,-122.472383,1541,Oakes St S & S 54th St,Pierce Transit,,,,,,NO,NO,NO,YES,53053063000,630,053,063000,Good
41,1,41_1,5,47.206419,-122.47111,278,56th St S & Fife St,Pierce Transit,,,,,,NO,NO,NO,YES,53053063000,630,053,063000,Good
41,1,41_1,6,47.206414,-122.465137,280,56th St S & Tacoma Mall Blvd,Pierce Transit,,,,,,NO,NO,NO,YES,53053063000,630,053,063000,Good
41,1,41_1,7,47.206501,-122.458065,2347,56th St S & Alaska St,Pierce Transit,,,,,,NO,NO,NO,YES,53053063100,631,053,063100,Good
41,1,41_1,8,47.206449,-122.45482,2356,56th St S & Cushman St,Pierce Transit,,,,,,NO,NO,NO,YES,53053063100,631,053,063100,Good
41,1,41_1,9,47.206402,-122.450564,2377,56th St S & S M St,Pierce Transit,,,,,,NO,NO,NO,YES,53053063100,631,053,063100,Good
41,1,41_1,10,47.206401,-122.446926,2375,56th St S & S J St,Pierce Transit,,,,,,NO,NO,NO,YES,53053063100,631,053,063100,Good
41,1,41_1,11,47.206346,-122.442803,2382,56th St S & Yakima Ave,Pierce Transit,,,,,,NO,NO,NO,YES,53053063100,631,053,063100,Good
41,1,41_1,12,47.206358,-122.439797,2373,56th St S & S G St,Pierce Transit,,,,,,NO,NO,NO,YES,53053063200,632,053,063200,Good
41,1,41_1,13,47.206369,-122.433604,2369,56th St S & Pacific Ave,Pierce Transit,,,,,,NO,NO,NO,YES,53053063200,632,053,063200,Good
41,1,41_1,14,47.206313,-122.430688,2345,56th St E & A St,Pierce Transit,,,,,,NO,NO,NO,YES,53053063200,632,053,063200,Good
41,1,41_1,15,47.206307,-122.427638,784,56th St E & E C St,Pierce Transit,,,,,,NO,NO,NO,YES,53053063200,632,053,063200,Good
41,1,41_1,16,47.206314,-122.424939,786,56th St E & E E St,Pierce Transit,,,,,,NO,NO,NO,YES,53053063200,632,053,063200,Good
41,1,41_1,17,47.206292,-122.420606,794,56th St E & McKinley Ave,Pierce Transit,,,,,,NO,NO,NO,YES,53053063302,633.02,053,063302,Good
41,1,41_1,18,47.206258,-122.415068,790,56th St E & E K St,Pierce Transit,,,,,,NO,NO,NO,YES,53053063302,633.02,053,063302,Good
41,1,41_1,19,47.206232,-122.411831,792,56th St E & E M St,Pierce Transit,,,,,,NO,NO,NO,YES,53053063302,633.02,053,063302,Good
41,1,41_1,20,47.206558,-122.407858,1983,Portland Ave E & E 56th St,Pierce Transit,,,,,,YES,NO,NO,YES,53053062300,623,053,062300,Good
41,1,41_1,21,47.210637,-122.407798,4147,Portland Ave E & Pipeline Rd E,Pierce Transit,,,,,,YES,NO,NO,YES,53053062300,623,053,062300,Good
41,1,41_1,22,47.213736,-122.407602,1975,Portland Ave E & E 48th St,Pierce Transit,,,,,,YES,NO,NO,YES,53053940006,9400.06,053,940006,Good
41,1,41_1,23,47.215629,-122.407573,1974,Portland Ave E & E 46th St,Pierce Transit,,,,,,YES,NO,NO,YES,53053940006,9400.06,053,940006,Good
41,1,41_1,24,47.21731,-122.407576,1972,Portland Ave E & E 44th St,Pierce Transit,,,,,,YES,NO,NO,YES,53053940006,9400.06,053,940006,Good
41,1,41_1,25,47.217412,-122.405708,776,44th St E & Salishan Blvd,Pierce Transit,,,,,,NO,NO,NO,YES,53053940006,9400.06,053,940006,Good
41,1,41_1,26,47.216908,-122.403492,778,44th St E & E R St,Pierce Transit,,,,,,NO,NO,NO,YES,53053940006,9400.06,053,940006,Good
41,1,41_1,27,47.216573,-122.401021,779,44th St E & T St E,Pierce Transit,,,,,,NO,NO,NO,YES,53053940006,9400.06,053,940006,Good
41,1,41_1,28,47.21673,-122.39763,781,44th St E & Roosevelt St,Pierce Transit,,,,,,NO,NO,NO,YES,53053940006,9400.06,053,940006,Good
41,1,41_1,29,47.219193,-122.397966,2109,Roosevelt Ave E & E 42nd St,Pierce Transit,,,,,,NO,NO,NO,YES,53053940006,9400.06,053,940006,Good
41,1,41_1,30,47.222539,-122.398652,2106,Roosevelt Ave E & E 39th St,Pierce Transit,,,,,,NO,NO,NO,YES,53053940006,9400.06,053,940006,Good
41,1,41_1,31,47.225617,-122.39872,2104,Roosevelt Ave E & E 37th St,Pierce Transit,,,,,,NO,NO,NO,YES,53053940007,9400.07,053,940007,Good
41,1,41_1,32,47.22877,-122.398824,2119,Roosevelt Ave E & Sherman St,Pierce Transit,,,,,,NO,NO,NO,YES,53053940007,9400.07,053,940007,Good
41,1,41_1,33,47.231726,-122.399488,2118,Roosevelt Ave E & Harrison St,Pierce Transit,,,,,,NO,NO,NO,YES,53053940007,9400.07,053,940007,Good
41,1,41_1,34,47.233565,-122.399907,2102,Roosevelt Ave E & E 34th St,Pierce Transit,,,,,,NO,NO,NO,YES,53053940007,9400.07,053,940007,Good
41,1,41_1,35,47.235642,-122.401299,12217,32nd St E & Roosevelt Ave E,Pierce Transit,,,,,,NO,NO,NO,YES,53053940007,9400.07,053,940007,Good
41,1,41_1,36,47.235265,-122.40492,9777,32nd St E & E R St,Pierce Transit,,,,,,NO,NO,NO,YES,53053940007,9400.07,053,940007,Good
41,1,41_1,37,47.235003,-122.409493,1964,Portland Ave E & E 32nd St,Pierce Transit,,,,,,NO,NO,NO,YES,53053940007,9400.07,053,940007,Good
41,1,41_1,38,47.237484,-122.410032,1962,Portland Ave E & E 29th St,Pierce Transit,,,,,,NO,NO,NO,YES,53053940007,9400.07,053,940007,Good
41,1,41_1,39,47.240464,-122.410763,1960,Portland Ave & E 26th St,Pierce Transit,,,,,,YES,NO,NO,YES,53053060200,602,053,060200,Good
41,1,41_1,40,47.241984,-122.417304,2050,Puyallup Ave & E L St,Pierce Transit,,,,,,YES,YES,NO,YES,53053060200,602,053,060200,Good
41,1,41_1,41,47.240857,-122.425418,6234,Tacoma Dome Station - Zone D,Pierce Transit,,,,,,YES,YES,NO,YES,53053060200,602,053,060200,Good
41,1,41_1,42,47.240533,-122.430865,2046,Puyallup Ave & E C St,Pierce Transit,,,,,,YES,YES,NO,YES,53053060200,602,053,060200,Good
41,1,41_1,43,47.240274,-122.433138,2053,Puyallup Ave & E Dock St,Pierce Transit,,,,,,YES,YES,NO,YES,53053060200,602,053,060200,Good
41,1,41_1,44,47.240368,-122.435553,1629,Pacific Ave & S 24th St,Pierce Transit,,,,,,YES,YES,NO,YES,53053061602,616.02,053,061602,Good
41,1,41_1,45,47.243357,-122.436194,7889,Pacific Ave & S 21st St,Pierce Transit,,,,,,YES,YES,NO,YES,53053060200,602,053,060200,Good
41,1,41_1,46,47.245089,-122.436492,1678,Pacific Ave & S 19th St,Pierce Transit,,,,,,YES,YES,NO,YES,53053060200,602,053,060200,Good
41,1,41_1,47,47.247919,-122.437266,21022,Pacific Ave & Hood St,Pierce Transit,,,,,,YES,YES,NO,YES,53053061602,616.02,053,061602,Good
41,1,41_1,48,47.250254,-122.437883,27574,Pacific Ave & S 14th St,Pierce Transit,,,,,,YES,YES,NO,YES,53053061601,616.01,053,061601,Good
41,1,41_1,49,47.253826,-122.439446,16628,Commerce St Station - Zone E,Pierce Transit,,,,,,YES,YES,NO,YES,53053061601,616.01,053,061601,Good
42,0,42_0,1,47.253717,-122.439563,16580,Commerce St Station - Zone C,Pierce Transit,,,,,,YES,YES,NO,YES,53053061601,616.01,053,061601,Great
42,0,42_0,2,47.250225,-122.438019,26174,Pacific Ave & S 14th St,Pierce Transit,,,,,,YES,YES,YES,YES,53053061601,616.01,053,061601,Great
42,0,42_0,3,47.247566,-122.437303,19184,Pacific Ave & S 17th St,Pierce Transit,,,,,,YES,YES,YES,YES,53053060200,602,053,060200,Great
42,0,42_0,4,47.244818,-122.436784,1677,Pacific Ave & S 19th St,Pierce Transit,,,,,,YES,YES,YES,YES,53053061602,616.02,053,061602,Great
42,0,42_0,5,47.242851,-122.436347,1680,Pacific Ave & S 21st St,Pierce Transit,,,,,,YES,YES,NO,YES,53053061602,616.02,053,061602,Great
42,0,42_0,6,47.24001,-122.435137,2059,24th St S & Pacific Ave,Pierce Transit,,,,,,YES,YES,NO,YES,53053061602,616.02,053,061602,Great
42,0,42_0,7,47.240219,-122.433118,2054,Puyallup Ave & E Dock St,Pierce Transit,,,,,,YES,YES,NO,YES,53053061602,616.02,053,061602,Great
42,0,42_0,8,47.240562,-122.429626,2047,Puyallup Ave & E D St,Pierce Transit,,,,,,YES,YES,NO,YES,53053060200,602,053,060200,Great
42,0,42_0,9,47.238531,-122.429116,831,D St E & E 26th St,Pierce Transit,,,,,,NO,NO,NO,YES,53053060200,602,053,060200,Great
42,0,42_0,10,47.236908,-122.428744,833,D St E & E 27th St,Pierce Transit,,,,,,NO,NO,NO,YES,53053060200,602,053,060200,Great
42,0,42_0,11,47.235122,-122.428305,835,D St E & Wiley Ave,Pierce Transit,,,,,,NO,NO,NO,YES,53053060200,602,053,060200,Great
42,0,42_0,12,47.233822,-122.426483,1268,McKinley Way & E D St,Pierce Transit,,,,,,NO,NO,NO,YES,53053062000,620,053,062000,Great
42,0,42_0,13,47.232602,-122.421712,1273,McKinley Way & Wright Ave,Pierce Transit,,,,,,NO,NO,NO,YES,53053062000,620,053,062000,Great
42,0,42_0,14,47.230588,-122.421109,1219,McKinley Ave & E 35th St,Pierce Transit,,,,,,NO,NO,NO,YES,53053062000,620,053,062000,Great
42,0,42_0,15,47.228656,-122.420689,1270,McKinley Ave & Morton St,Pierce Transit,,,,,,NO,NO,NO,YES,53053062000,620,053,062000,Great
42,0,42_0,16,47.224527,-122.4209,1224,McKinley Ave & E 37th St,Pierce Transit,,,,,,NO,NO,NO,YES,53053062000,620,053,062000,Great
42,0,42_0,17,47.222799,-122.420915,1225,McKinley Ave & E 38th St,Pierce Transit,,,,,,NO,NO,NO,YES,53053062300,623,053,062300,Great
42,0,42_0,18,47.220995,-122.420927,1227,McKinley Ave & E 40th St,Pierce Transit,,,,,,NO,NO,NO,YES,53053062300,623,053,062300,Great
42,0,42_0,19,47.218452,-122.420943,1229,McKinley Ave & E 43rd St,Pierce Transit,,,,,,NO,NO,NO,YES,53053062300,623,053,062300,Great
42,0,42_0,20,47.215528,-122.420985,1232,McKinley Ave & E 46th St,Pierce Transit,,,,,,NO,NO,NO,YES,53053062300,623,053,062300,Great
42,0,42_0,21,47.213655,-122.420962,1234,McKinley Ave & E 48th St,Pierce Transit,,,,,,NO,NO,NO,YES,53053062300,623,053,062300,Great
42,0,42_0,22,47.208801,-122.420978,1238,McKinley Ave & E 53rd St,Pierce Transit,,,,,,NO,NO,NO,YES,53053062300,623,053,062300,Great
42,0,42_0,23,47.206549,-122.420962,1242,McKinley Ave & E 56th St,Pierce Transit,,,,,,NO,NO,NO,YES,53053062300,623,053,062300,Great
42,0,42_0,24,47.204525,-122.420958,1245,McKinley Ave & E 58th St,Pierce Transit,,,,,,NO,NO,NO,YES,53053063302,633.02,053,063302,Great
42,0,42_0,25,47.201018,-122.420965,1248,McKinley Ave & E 62nd St,Pierce Transit,,,,,,NO,NO,NO,YES,53053063302,633.02,053,063302,Great
42,0,42_0,26,47.199101,-122.420988,1250,McKinley Ave & E 64th St,Pierce Transit,,,,,,NO,NO,NO,YES,53053063302,633.02,053,063302,Great
42,0,42_0,27,47.195757,-122.420994,1254,McKinley Ave & E 68th St,Pierce Transit,,,,,,NO,NO,NO,YES,53053063302,633.02,053,063302,Great
42,0,42_0,28,47.191719,-122.418322,801,72nd St E & 9th Ave E,Pierce Transit,,,,,,NO,NO,NO,YES,53053071601,716.01,053,071601,Great
42,0,42_0,29,47.19169,-122.414834,804,72nd St E & Golden Given,Pierce Transit,,,,,,NO,NO,NO,YES,53053071601,716.01,053,071601,Great
42,0,42_0,30,47.192636,-122.410619,7932,72nd St TC - Zone H,Pierce Transit,,,,,,YES,NO,NO,YES,53053063301,633.01,053,063301,Great
42,1,42_1,1,47.192636,-122.410619,7932,72nd St TC - Zone H,Pierce Transit,,,,,,YES,NO,NO,YES,53053063301,633.01,053,063301,Great
42,1,42_1,2,47.191793,-122.41341,803,72nd St E & E L St,Pierce Transit,,,,,,YES,NO,NO,YES,53053063301,633.01,053,063301,Great
42,1,42_1,3,47.191793,-122.415944,805,72nd St E & Golden Given Rd,Pierce Transit,,,,,,YES,NO,NO,YES,53053063302,633.02,053,063302,Great
42,1,42_1,4,47.191829,-122.420053,802,72nd St E & McKinley Ave.,Pierce Transit,,,,,,YES,NO,NO,YES,53053063302,633.02,053,063302,Great
42,1,42_1,5,47.195287,-122.420873,1255,McKinley Ave & E 68th St,Pierce Transit,,,,,,NO,NO,NO,YES,53053063302,633.02,053,063302,Great
42,1,42_1,6,47.198842,-122.420839,1251,McKinley Ave & E 64th St,Pierce Transit,,,,,,NO,NO,NO,YES,53053063302,633.02,053,063302,Great
42,1,42_1,7,47.20077,-122.420828,1249,McKinley Ave & E 62nd St,Pierce Transit,,,,,,NO,NO,NO,YES,53053063302,633.02,053,063302,Great
42,1,42_1,8,47.20464,-122.420821,1244,McKinley Ave & E 58th St,Pierce Transit,,,,,,NO,NO,NO,YES,53053063302,633.02,053,063302,Great
42,1,42_1,9,47.206184,-122.420824,1243,McKinley Ave & E 56th St,Pierce Transit,,,,,,NO,NO,NO,YES,53053063302,633.02,053,063302,Great
42,1,42_1,10,47.209184,-122.420839,1239,McKinley Ave & E 53rd St,Pierce Transit,,,,,,NO,NO,NO,YES,53053062300,623,053,062300,Great
42,1,42_1,11,47.213452,-122.420822,1235,McKinley Ave & E 48th St,Pierce Transit,,,,,,NO,NO,NO,YES,53053062300,623,053,062300,Great
42,1,42_1,12,47.2153,-122.420852,1233,McKinley Ave & E 46th St,Pierce Transit,,,,,,NO,NO,NO,YES,53053062300,623,053,062300,Great
42,1,42_1,13,47.218333,-122.420823,1230,McKinley Ave & E 43rd St,Pierce Transit,,,,,,NO,NO,NO,YES,53053062300,623,053,062300,Great
42,1,42_1,14,47.220816,-122.420791,1228,McKinley Ave & E 40th St,Pierce Transit,,,,,,NO,NO,NO,YES,53053062300,623,053,062300,Great
42,1,42_1,15,47.222847,-122.420777,1226,McKinley Ave & E 38th St,Pierce Transit,,,,,,NO,NO,NO,YES,53053062300,623,053,062300,Great
42,1,42_1,16,47.224612,-122.420762,1223,McKinley Ave & E 37th St,Pierce Transit,,,,,,NO,NO,NO,YES,53053062000,620,053,062000,Great
42,1,42_1,17,47.228466,-122.420546,1271,McKinley Ave & Morton St,Pierce Transit,,,,,,NO,NO,NO,YES,53053062000,620,053,062000,Great
42,1,42_1,18,47.230492,-122.420952,1220,McKinley Ave & E 35th St,Pierce Transit,,,,,,NO,NO,NO,YES,53053062000,620,053,062000,Great
42,1,42_1,19,47.232633,-122.42157,1272,McKinley Ave & Wright Ave,Pierce Transit,,,,,,NO,NO,NO,YES,53053062000,620,053,062000,Great
42,1,42_1,20,47.234,-122.426707,1267,McKinley Ave & E D St,Pierce Transit,,,,,,NO,NO,NO,YES,53053062000,620,053,062000,Great
42,1,42_1,21,47.235602,-122.428298,830,D St E & Brotman Way,Pierce Transit,,,,,,NO,NO,NO,YES,53053060200,602,053,060200,Great
42,1,42_1,22,47.237618,-122.428761,834,D St E & E 27th St,Pierce Transit,,,,,,NO,NO,NO,YES,53053060200,602,053,060200,Great
42,1,42_1,23,47.239178,-122.429102,20806,D St E & 25th St E,Pierce Transit,,,,,,YES,NO,YES,YES,53053060200,602,053,060200,Great
42,1,42_1,24,47.240533,-122.430865,2046,Puyallup Ave & E C St,Pierce Transit,,,,,,YES,YES,NO,YES,53053060200,602,053,060200,Great
42,1,42_1,25,47.240274,-122.433138,2053,Puyallup Ave & E Dock St,Pierce Transit,,,,,,YES,YES,NO,YES,53053060200,602,053,060200,Great
42,1,42_1,26,47.240368,-122.435553,1629,Pacific Ave & S 24th St,Pierce Transit,,,,,,YES,YES,NO,YES,53053061602,616.02,053,061602,Great
42,1,42_1,27,47.243357,-122.436194,7889,Pacific Ave & S 21st St,Pierce Transit,,,,,,YES,YES,NO,YES,53053060200,602,053,060200,Great
42,1,42_1,28,47.245089,-122.436492,1678,Pacific Ave & S 19th St,Pierce Transit,,,,,,YES,YES,NO,YES,53053060200,602,053,060200,Great
42,1,42_1,29,47.247919,-122.437266,21022,Pacific Ave & Hood St,Pierce Transit,,,,,,YES,YES,NO,YES,53053061602,616.02,053,061602,Great
42,1,42_1,30,47.250254,-122.437883,27574,Pacific Ave & S 14th St,Pierce Transit,,,,,,YES,YES,NO,YES,53053061601,616.01,053,061601,Great
42,1,42_1,31,47.253826,-122.439446,16628,Commerce St Station - Zone E,Pierce Transit,,,,,,YES,YES,NO,YES,53053061601,616.01,053,061601,Great
45,0,45_0,1,47.255044,-122.439747,15624,Commerce St Station - Zone G,Pierce Transit,,,,,,YES,YES,NO,YES,53053061601,616.01,053,061601,Good
45,0,45_0,2,47.25523,-122.441186,2408,9th St S & St Helens Ave,Pierce Transit,,,,,,YES,YES,NO,YES,53053061601,616.01,053,061601,Good
45,0,45_0,3,47.255046,-122.443272,2406,9th St S & Fawcett Ave,Pierce Transit,,,,,,YES,YES,NO,YES,53053061601,616.01,053,061601,Good
45,0,45_0,4,47.254847,-122.445319,2409,9th St S & Tacoma Ave,Pierce Transit,,,,,,NO,NO,NO,YES,53053061400,614,053,061400,Good
45,0,45_0,5,47.25355,-122.447729,2870,Yakima Ave S & S 10th St,Pierce Transit,,,,,,NO,NO,NO,YES,53053061400,614,053,061400,Good
45,0,45_0,6,47.25019,-122.446955,2871,Yakima Ave S & S 13th St,Pierce Transit,,,,,,NO,NO,NO,YES,53053061400,614,053,061400,Good
45,0,45_0,7,47.248097,-122.446476,2874,Yakima Ave S & S 15th St,Pierce Transit,,,,,,NO,NO,NO,YES,53053061400,614,053,061400,Good
45,0,45_0,8,47.246094,-122.446029,2876,Yakima Ave S & S 17th St,Pierce Transit,,,,,,NO,NO,NO,YES,53053061400,614,053,061400,Good
45,0,45_0,9,47.244018,-122.445563,2878,Yakima Ave S & S 19th St,Pierce Transit,,,,,,NO,NO,NO,YES,53053061700,617,053,061700,Good
45,0,45_0,10,47.240729,-122.444812,2882,Yakima Ave S & S 23rd St,Pierce Transit,,,,,,NO,NO,NO,YES,53053061700,617,053,061700,Good
45,0,45_0,11,47.237832,-122.444171,2884,Yakima Ave S & S 25th St,Pierce Transit,,,,,,NO,NO,NO,YES,53053061700,617,053,061700,Good
45,0,45_0,12,47.236139,-122.443748,2886,Yakima Ave S & S 27th St,Pierce Transit,,,,,,NO,NO,NO,YES,53053061700,617,053,061700,Good
45,0,45_0,13,47.227826,-122.444763,2691,Thompson Ave & S 35th St,Pierce Transit,,,,,,NO,NO,NO,YES,53053061800,618,053,061800,Good
45,0,45_0,14,47.224424,-122.444838,11623,Thompson Ave & S 37th St,Pierce Transit,,,,,,NO,NO,NO,YES,53053061800,618,053,061800,Good
45,0,45_0,15,47.221884,-122.444838,2695,Thompson Ave & S 39th St,Pierce Transit,,,,,,NO,NO,NO,YES,53053062501,625.01,053,062501,Good
45,0,45_0,16,47.218416,-122.444943,2696,Thompson Ave & S 43rd St,Pierce Transit,,,,,,NO,NO,NO,YES,53053062501,625.01,053,062501,Good
45,0,45_0,17,47.21474,-122.443998,17789,Thompson Ave & 46th St S,Pierce Transit,,,,,,NO,NO,NO,YES,53053062501,625.01,053,062501,Good
45,0,45_0,18,47.2134,-122.443301,2899,Yakima Ave S & S 48th St,Pierce Transit,,,,,,NO,NO,NO,YES,53053062502,625.02,053,062502,Good
45,0,45_0,19,47.209764,-122.443297,2903,Yakima Ave S & S 52nd St,Pierce Transit,,,,,,NO,NO,NO,YES,53053062502,625.02,053,062502,Good
45,0,45_0,20,47.206283,-122.443296,2907,Yakima Ave S & S 56th St,Pierce Transit,,,,,,NO,NO,NO,YES,53053063100,631,053,063100,Good
45,0,45_0,21,47.203439,-122.443297,2909,Yakima Ave S & S 59th St,Pierce Transit,,,,,,NO,NO,NO,YES,53053063100,631,053,063100,Good
45,0,45_0,22,47.198165,-122.443304,2913,Yakima Ave S & S 64th St,Pierce Transit,,,,,,NO,NO,NO,YES,53053063100,631,053,063100,Good
45,0,45_0,23,47.195326,-122.443318,2916,Yakima Ave S & S 68th St,Pierce Transit,,,,,,NO,NO,NO,YES,53053063100,631,053,063100,Good
45,0,45_0,24,47.192032,-122.443352,2920,Yakima Ave S & S 72nd St,Pierce Transit,,,,,,NO,NO,NO,YES,53053063100,631,053,063100,Good
45,0,45_0,25,47.18789,-122.443391,2924,Yakima Ave S & S 76th St,Pierce Transit,,,,,,NO,NO,NO,YES,53053063501,635.01,053,063501,Good
45,0,45_0,26,47.186201,-122.443398,2926,Yakima Ave S & S 78th St,Pierce Transit,,,,,,NO,NO,NO,YES,53053063501,635.01,053,063501,Good
45,0,45_0,27,47.184392,-122.443333,2928,Yakima Ave S & S 80th St,Pierce Transit,,,,,,NO,NO,NO,YES,53053063501,635.01,053,063501,Good
45,0,45_0,28,47.18072,-122.443309,2932,Yakima Ave S & S 84th St,Pierce Transit,,,,,,NO,NO,NO,YES,53053063502,635.02,053,063502,Good
45,0,45_0,29,47.177433,-122.443375,2936,Yakima Ave S & S 88th St,Pierce Transit,,,,,,NO,NO,NO,YES,53053063502,635.02,053,063502,Good
45,0,45_0,30,47.173566,-122.443384,2940,Yakima Ave S & S 92nd St,Pierce Transit,,,,,,NO,NO,NO,YES,53053063502,635.02,053,063502,Good
45,1,45_1,9,47.17029,-122.44327,2941,Yakima Ave S & S 96th St,Pierce Transit,,,,,,NO,NO,NO,YES,53053063502,635.02,053,063502,Good
45,1,45_1,10,47.173843,-122.443241,2939,Yakima Ave S & S 92nd St,Pierce Transit,,,,,,NO,NO,NO,YES,53053063502,635.02,053,063502,Good
45,1,45_1,11,47.17754,-122.443234,2935,Yakima Ave S & S 88th St,Pierce Transit,,,,,,NO,NO,NO,YES,53053063502,635.02,053,063502,Good
45,1,45_1,12,47.18124,-122.443171,2931,Yakima Ave S & S 84th St,Pierce Transit,,,,,,NO,NO,NO,YES,53053063501,635.01,053,063501,Good
45,1,45_1,13,47.184797,-122.443207,2927,Yakima Ave S & S 80th St,Pierce Transit,,,,,,NO,NO,NO,YES,53053063501,635.01,053,063501,Good
45,1,45_1,14,47.186628,-122.443269,2925,Yakima Ave S & S 78th St,Pierce Transit,,,,,,NO,NO,NO,YES,53053063501,635.01,053,063501,Good
45,1,45_1,15,47.188504,-122.443252,2923,Yakima Ave S & S 76th St,Pierce Transit,,,,,,NO,NO,NO,YES,53053063501,635.01,053,063501,Good
45,1,45_1,16,47.192062,-122.4432,2919,Yakima Ave S & S 72nd St,Pierce Transit,,,,,,NO,NO,NO,YES,53053063100,631,053,063100,Good
45,1,45_1,17,47.195743,-122.44316,2915,Yakima Ave S & S 68th St,Pierce Transit,,,,,,NO,NO,NO,YES,53053063100,631,053,063100,Good
45,1,45_1,18,47.19949,-122.443159,2912,Yakima Ave S & S 64th St,Pierce Transit,,,,,,NO,NO,NO,YES,53053063100,631,053,063100,Good
45,1,45_1,19,47.203867,-122.443144,2908,Yakima Ave S & S 59th St,Pierce Transit,,,,,,NO,NO,NO,YES,53053063100,631,053,063100,Good
45,1,45_1,20,47.206664,-122.443144,2906,Yakima Ave S & S 56th St,Pierce Transit,,,,,,NO,NO,NO,YES,53053062502,625.02,053,062502,Good
45,1,45_1,21,47.210172,-122.443142,2902,Yakima Ave S & S 52nd St,Pierce Transit,,,,,,NO,NO,NO,YES,53053062502,625.02,053,062502,Good
45,1,45_1,22,47.213608,-122.443195,2898,Yakima Ave S & S 48th St,Pierce Transit,,,,,,NO,NO,NO,YES,53053062502,625.02,053,062502,Good
45,1,45_1,23,47.215123,-122.444243,2700,Thompson Ave & S 46th St,Pierce Transit,,,,,,NO,NO,NO,YES,53053062501,625.01,053,062501,Good
45,1,45_1,24,47.218303,-122.444805,2697,Thompson Ave & S 43rd St,Pierce Transit,,,,,,NO,NO,NO,YES,53053062501,625.01,053,062501,Good
45,1,45_1,25,47.222079,-122.444684,2694,Thompson Ave & S 38th St,Pierce Transit,,,,,,NO,NO,NO,YES,53053062501,625.01,053,062501,Good
45,1,45_1,26,47.224953,-122.444676,2692,Thompson Ave & S 37th St,Pierce Transit,,,,,,NO,NO,NO,YES,53053061800,618,053,061800,Good
45,1,45_1,27,47.227785,-122.444609,2690,Thompson Ave & S 35th St,Pierce Transit,,,,,,NO,NO,NO,YES,53053061800,618,053,061800,Good
45,1,45_1,28,47.236202,-122.443609,2885,Yakima Ave S & S 27th St,Pierce Transit,,,,,,NO,NO,NO,YES,53053061700,617,053,061700,Good
45,1,45_1,29,47.238515,-122.444172,2883,Yakima Ave S & S 25th St,Pierce Transit,,,,,,NO,NO,NO,YES,53053061700,617,053,061700,Good
45,1,45_1,30,47.240772,-122.444664,2881,Yakima Ave S & S 23rd St,Pierce Transit,,,,,,NO,NO,NO,YES,53053061700,617,053,061700,Good
45,1,45_1,31,47.244152,-122.445439,2877,Yakima Ave S & S 19th St,Pierce Transit,,,,,,NO,NO,NO,YES,53053061700,617,053,061700,Good
45,1,45_1,32,47.246023,-122.445857,2875,Yakima Ave S & S 17th St,Pierce Transit,,,,,,NO,NO,NO,YES,53053061400,614,053,061400,Good
45,1,45_1,33,47.248255,-122.446365,2873,Yakima Ave S & S 15th St,Pierce Transit,,,,,,NO,NO,NO,YES,53053061400,614,053,061400,Good
45,1,45_1,34,47.250703,-122.446921,2872,Yakima Ave S & S 13th St,Pierce Transit,,,,,,NO,NO,NO,YES,53053061400,614,053,061400,Good
45,1,45_1,35,47.253419,-122.447543,2869,Yakima Ave & Nollmeyer Ln,Pierce Transit,,,,,,NO,NO,NO,YES,53053061400,614,053,061400,Good
45,1,45_1,36,47.254518,-122.447418,2412,9th St S & Yakima Ave,Pierce Transit,,,,,,NO,NO,NO,YES,53053061400,614,053,061400,Good
45,1,45_1,37,47.254758,-122.44509,2410,9th St S & Tacoma Ave,Pierce Transit,,,,,,NO,NO,NO,YES,53053061400,614,053,061400,Good
45,1,45_1,38,47.254904,-122.443589,2407,9th St S & Fawcett Ave,Pierce Transit,,,,,,YES,YES,NO,YES,53053061601,616.01,053,061601,Good
45,1,45_1,39,47.255163,-122.441183,2405,9th St S & Broadway,Pierce Transit,,,,,,YES,YES,NO,YES,53053061601,616.01,053,061601,Good
45,1,45_1,40,47.254469,-122.439739,707,Commerce St Station - Zone B,Pierce Transit,,,,,,YES,YES,NO,YES,53053061601,616.01,053,061601,Good
48,0,48_0,1,47.253717,-122.439563,16580,Commerce St Station - Zone C,Pierce Transit,,,,,,YES,YES,NO,YES,53053061601,616.01,053,061601,Good
48,0,48_0,2,47.251117,-122.440446,13892,13th St S & Court C,Pierce Transit,,,,,,NO,NO,NO,YES,53053061601,616.01,053,061601,Good
48,0,48_0,3,47.250846,-122.443389,1758456051,13th St S & Court E St,Pierce Transit,,,,,,NO,NO,NO,YES,53053061601,616.01,053,061601,Good
48,0,48_0,4,47.25019,-122.446955,2871,Yakima Ave S & S 13th St,Pierce Transit,,,,,,NO,NO,NO,YES,53053061400,614,053,061400,Good
48,0,48_0,5,47.248097,-122.446476,2874,Yakima Ave S & S 15th St,Pierce Transit,,,,,,NO,NO,NO,YES,53053061400,614,053,061400,Good
48,0,48_0,6,47.246094,-122.446029,2876,Yakima Ave S & S 17th St,Pierce Transit,,,,,,NO,NO,NO,YES,53053061400,614,053,061400,Good
48,0,48_0,7,47.244018,-122.445563,2878,Yakima Ave S & S 19th St,Pierce Transit,,,,,,NO,NO,NO,YES,53053061700,617,053,061700,Good
48,0,48_0,8,47.240729,-122.444812,2882,Yakima Ave S & S 23rd St,Pierce Transit,,,,,,NO,NO,NO,YES,53053061700,617,053,061700,Good
48,0,48_0,9,47.237832,-122.444171,2884,Yakima Ave S & S 25th St,Pierce Transit,,,,,,NO,NO,NO,YES,53053061700,617,053,061700,Good
48,0,48_0,10,47.236139,-122.443748,2886,Yakima Ave S & S 27th St,Pierce Transit,,,,,,NO,NO,NO,YES,53053061700,617,053,061700,Good
48,0,48_0,11,47.227826,-122.444763,2691,Thompson Ave & S 35th St,Pierce Transit,,,,,,NO,NO,NO,YES,53053061800,618,053,061800,Good
48,0,48_0,12,47.224424,-122.444838,11623,Thompson Ave & S 37th St,Pierce Transit,,,,,,NO,NO,NO,YES,53053061800,618,053,061800,Good
48,0,48_0,13,47.223161,-122.447666,237,38th St S & K St,Pierce Transit,,,,,,YES,NO,NO,YES,53053061800,618,053,061800,Good
48,0,48_0,14,47.222801,-122.450813,1108,M St & S 38th St,Pierce Transit,,,,,,NO,NO,NO,YES,53053062501,625.01,053,062501,Good
48,0,48_0,15,47.22009,-122.450888,1110,M St & S 41st St,Pierce Transit,,,,,,NO,NO,NO,YES,53053062501,625.01,053,062501,Good
48,0,48_0,16,47.216746,-122.450948,1115,M St & S 45th St,Pierce Transit,,,,,,NO,NO,NO,YES,53053062501,625.01,053,062501,Good
48,0,48_0,17,47.213815,-122.451067,1119,M St & S 48th St,Pierce Transit,,,,,,NO,NO,NO,YES,53053062501,625.01,053,062501,Good
48,0,48_0,18,47.21182,-122.451175,1121,M St & S 50th St,Pierce Transit,,,,,,NO,NO,NO,YES,53053062502,625.02,053,062502,Good
48,0,48_0,19,47.210064,-122.451168,1122,M St & S 52nd St,Pierce Transit,,,,,,NO,NO,NO,YES,53053062502,625.02,053,062502,Good
48,0,48_0,20,47.208375,-122.451159,1125,M St & S 54th St,Pierce Transit,,,,,,NO,NO,NO,YES,53053062502,625.02,053,062502,Good
48,0,48_0,21,47.206513,-122.45114,1127,M St & S 56th St,Pierce Transit,,,,,,NO,NO,NO,YES,53053062502,625.02,053,062502,Good
48,0,48_0,22,47.205047,-122.452398,2486,Sheridan Ave S & S 58th St,Pierce Transit,,,,,,NO,NO,NO,YES,53053063100,631,053,063100,Good
48,0,48_0,23,47.202009,-122.452509,2489,Sheridan Ave S & S 61st St,Pierce Transit,,,,,,NO,NO,NO,YES,53053063100,631,053,063100,Good
48,0,48_0,24,47.198926,-122.45251,2491,Sheridan Ave S & S 64th St,Pierce Transit,,,,,,NO,NO,NO,YES,53053063100,631,053,063100,Good
48,0,48_0,25,47.195355,-122.452529,2493,Sheridan Ave S & S 68th St,Pierce Transit,,,,,,NO,NO,NO,YES,53053063100,631,053,063100,Good
48,0,48_0,26,47.191968,-122.452555,2495,Sheridan Ave S & S 72nd St,Pierce Transit,,,,,,NO,NO,NO,YES,53053063100,631,053,063100,Good
48,0,48_0,27,47.188377,-122.452597,2496,Sheridan Ave S & S 76th St,Pierce Transit,,,,,,NO,NO,NO,YES,53053063501,635.01,053,063501,Good
48,0,48_0,28,47.184685,-122.452648,2501,Sheridan Ave S & S 80th St,Pierce Transit,,,,,,NO,NO,NO,YES,53053063501,635.01,053,063501,Good
48,0,48_0,29,47.18107,-122.452658,2503,Sheridan Ave S & S 84th St,Pierce Transit,,,,,,NO,NO,NO,YES,53053063501,635.01,053,063501,Good
48,0,48_0,30,47.181056,-122.455586,2396,84th St S & Ainsworth Ave,Pierce Transit,,,,,,NO,NO,NO,YES,53053063501,635.01,053,063501,Good
48,0,48_0,31,47.181079,-122.458258,2398,84th St S & Alaska St,Pierce Transit,,,,,,NO,NO,NO,YES,53053063501,635.01,053,063501,Good
48,0,48_0,32,47.181097,-122.460256,2401,84th St S & Hosmer,Pierce Transit,,,,,,NO,NO,NO,YES,53053063501,635.01,053,063501,Good
48,0,48_0,33,47.180745,-122.463282,974,Hosmer St & S 84th St,Pierce Transit,,,,,,NO,NO,NO,YES,53053071703,717.03,053,071703,Good
48,0,48_0,34,47.178554,-122.463241,965,Hosmer St S & 8620 S Hosmer St,Pierce Transit,,,,,,NO,NO,NO,YES,53053071703,717.03,053,071703,Good
48,0,48_0,35,47.173626,-122.463191,978,Hosmer St & S 92nd St,Pierce Transit,,,,,,NO,NO,NO,YES,53053071703,717.03,053,071703,Good
48,0,48_0,36,47.171764,-122.464152,2563,Steele St & Hosmer St,Pierce Transit,,,,,,NO,NO,NO,YES,53053071703,717.03,053,071703,Good
48,0,48_0,37,47.170258,-122.466265,2565,96th St S & Steele St,Pierce Transit,,,,,,NO,NO,NO,YES,53053071703,717.03,053,071703,Good
48,1,48_1,18,47.170169,-122.468132,422,96th St S & Steele St S,Pierce Transit,,,,,,NO,NO,NO,YES,53053071704,717.04,053,071704,Good
48,1,48_1,19,47.170399,-122.46543,2564,Steele St & S 96th St,Pierce Transit,,,,,,YES,NO,NO,YES,53053071703,717.03,053,071703,Good
48,1,48_1,20,47.17205,-122.46366,2562,Steele St & Hosmer St,Pierce Transit,,,,,,YES,NO,NO,YES,53053071703,717.03,053,071703,Good
48,1,48_1,21,47.173676,-122.463036,977,Hosmer St & S 92nd St,Pierce Transit,,,,,,YES,NO,NO,YES,53053063502,635.02,053,063502,Good
48,1,48_1,22,47.178258,-122.463116,964,Hosmer St S & 8711 S Hosmer St,Pierce Transit,,,,,,YES,NO,NO,YES,53053063502,635.02,053,063502,Good
48,1,48_1,23,47.180415,-122.463129,973,Hosmer St & S 84th St,Pierce Transit,,,,,,YES,NO,NO,YES,53053063502,635.02,053,063502,Good
48,1,48_1,24,47.180988,-122.458938,2400,84th St S & Alaska,Pierce Transit,,,,,,NO,NO,NO,YES,53053063502,635.02,053,063502,Good
48,1,48_1,25,47.180948,-122.454983,2397,84th St S & Ainsworth Ave,Pierce Transit,,,,,,NO,NO,NO,YES,53053063502,635.02,053,063502,Good
48,1,48_1,26,47.181654,-122.452514,2502,Sheridan Ave S & S 83rd St,Pierce Transit,,,,,,NO,NO,NO,YES,53053063501,635.01,053,063501,Good
48,1,48_1,27,47.18478,-122.452511,2500,Sheridan Ave S & S 80th St,Pierce Transit,,,,,,NO,NO,NO,YES,53053063501,635.01,053,063501,Good
48,1,48_1,28,47.188042,-122.452465,2497,Sheridan Ave S & S 76th St,Pierce Transit,,,,,,NO,NO,NO,YES,53053063501,635.01,053,063501,Good
48,1,48_1,29,47.192255,-122.452416,2494,Sheridan Ave S & S 72nd St,Pierce Transit,,,,,,NO,NO,NO,YES,53053063100,631,053,063100,Good
48,1,48_1,30,47.195703,-122.452389,2492,Sheridan Ave S & S 68th St,Pierce Transit,,,,,,NO,NO,NO,YES,53053063100,631,053,063100,Good
48,1,48_1,31,47.198781,-122.452372,2490,Sheridan Ave S & S 64th St,Pierce Transit,,,,,,NO,NO,NO,YES,53053063100,631,053,063100,Good
48,1,48_1,32,47.202332,-122.452372,2488,Sheridan Ave S & S 61st St,Pierce Transit,,,,,,NO,NO,NO,YES,53053063100,631,053,063100,Good
48,1,48_1,33,47.205063,-122.452262,25647,Sheridan Ave S & S 58th St,Pierce Transit,,,,,,NO,NO,NO,YES,53053063100,631,053,063100,Good
48,1,48_1,34,47.206724,-122.451002,1126,M St & S 56th St,Pierce Transit,,,,,,NO,NO,NO,YES,53053062502,625.02,053,062502,Good
48,1,48_1,35,47.208186,-122.451019,1124,M St & S 54th St,Pierce Transit,,,,,,NO,NO,NO,YES,53053062502,625.02,053,062502,Good
48,1,48_1,36,47.209921,-122.451034,1123,M St & S 52nd St,Pierce Transit,,,,,,NO,NO,NO,YES,53053062502,625.02,053,062502,Good
48,1,48_1,37,47.21169,-122.451042,1120,M St & S 50th St,Pierce Transit,,,,,,NO,NO,NO,YES,53053062502,625.02,053,062502,Good
48,1,48_1,38,47.213977,-122.450887,1118,M St & S 48th St,Pierce Transit,,,,,,NO,NO,NO,YES,53053062501,625.01,053,062501,Good
48,1,48_1,39,47.216746,-122.450811,1114,M St & S 45th St,Pierce Transit,,,,,,NO,NO,NO,YES,53053062501,625.01,053,062501,Good
48,1,48_1,40,47.219909,-122.450753,1111,M St & S 41st St,Pierce Transit,,,,,,NO,NO,NO,YES,53053062501,625.01,053,062501,Good
48,1,48_1,41,47.221972,-122.450707,1109,M St & S 39th St,Pierce Transit,,,,,,NO,NO,NO,YES,53053062501,625.01,053,062501,Good
48,1,48_1,42,47.223086,-122.44968,2302,38th St S & L St,Pierce Transit,,,,,,YES,NO,NO,YES,53053062501,625.01,053,062501,Good
48,1,48_1,43,47.22306,-122.447852,2301,38th St S & K St,Pierce Transit,,,,,,YES,NO,NO,YES,53053062501,625.01,053,062501,Good
48,1,48_1,44,47.224953,-122.444676,2692,Thompson Ave & S 37th St,Pierce Transit,,,,,,NO,NO,NO,YES,53053061800,618,053,061800,Good
48,1,48_1,45,47.227785,-122.444609,2690,Thompson Ave & S 35th St,Pierce Transit,,,,,,NO,NO,NO,YES,53053061800,618,053,061800,Good
48,1,48_1,46,47.236202,-122.443609,2885,Yakima Ave S & S 27th St,Pierce Transit,,,,,,NO,NO,NO,YES,53053061700,617,053,061700,Good
48,1,48_1,47,47.238515,-122.444172,2883,Yakima Ave S & S 25th St,Pierce Transit,,,,,,NO,NO,NO,YES,53053061700,617,053,061700,Good
48,1,48_1,48,47.240772,-122.444664,2881,Yakima Ave S & S 23rd St,Pierce Transit,,,,,,NO,NO,NO,YES,53053061700,617,053,061700,Good
48,1,48_1,49,47.244152,-122.445439,2877,Yakima Ave S & S 19th St,Pierce Transit,,,,,,NO,NO,NO,YES,53053061700,617,053,061700,Good
48,1,48_1,50,47.246023,-122.445857,2875,Yakima Ave S & S 17th St,Pierce Transit,,,,,,NO,NO,NO,YES,53053061400,614,053,061400,Good
48,1,48_1,51,47.248255,-122.446365,2873,Yakima Ave S & S 15th St,Pierce Transit,,,,,,NO,NO,NO,YES,53053061400,614,053,061400,Good
48,1,48_1,52,47.250582,-122.445141,32555,13th St S & G St S,Pierce Transit,,,,,,NO,NO,NO,YES,53053061400,614,053,061400,Good
48,1,48_1,53,47.250726,-122.443623,2204,13th St S & Tacoma Ave,Pierce Transit,,,,,,NO,NO,NO,YES,53053061601,616.01,053,061601,Good
48,1,48_1,54,47.250844,-122.442125,2203,13th St S & Fawcett Ave,Pierce Transit,,,,,,NO,NO,NO,YES,53053061601,616.01,053,061601,Good
48,1,48_1,55,47.250994,-122.440701,3066,13th St S & Market St,Pierce Transit,,,,,,NO,NO,NO,YES,53053061601,616.01,053,061601,Good
48,1,48_1,56,47.254184,-122.439531,708,Commerce St Station - Zone F,Pierce Transit,,,,,,YES,YES,NO,YES,53053061601,616.01,053,061601,Good
500,0,500_0,24,47.240464,-122.410763,1960,Portland Ave & E 26th St,Pierce Transit,,,,,,YES,NO,NO,YES,53053060200,602,053,060200,Good
500,0,500_0,25,47.241984,-122.417304,2050,Puyallup Ave & E L St,Pierce Transit,,,,,,YES,YES,NO,YES,53053060200,602,053,060200,Good
500,0,500_0,26,47.240857,-122.425418,6234,Tacoma Dome Station - Zone D,Pierce Transit,,,,,,YES,YES,NO,YES,53053060200,602,053,060200,Good
500,0,500_0,27,47.240533,-122.430865,2046,Puyallup Ave & E C St,Pierce Transit,,,,,,YES,YES,NO,YES,53053060200,602,053,060200,Good
500,0,500_0,28,47.240274,-122.433138,2053,Puyallup Ave & E Dock St,Pierce Transit,,,,,,YES,YES,NO,YES,53053060200,602,053,060200,Good
500,0,500_0,29,47.240368,-122.435553,1629,Pacific Ave & S 24th St,Pierce Transit,,,,,,YES,YES,NO,YES,53053061602,616.02,053,061602,Good
500,0,500_0,30,47.243357,-122.436194,7889,Pacific Ave & S 21st St,Pierce Transit,,,,,,YES,YES,NO,YES,53053060200,602,053,060200,Good
500,0,500_0,31,47.245089,-122.436492,1678,Pacific Ave & S 19th St,Pierce Transit,,,,,,YES,YES,NO,YES,53053060200,602,053,060200,Good
500,0,500_0,32,47.247919,-122.437266,21022,Pacific Ave & Hood St,Pierce Transit,,,,,,YES,YES,NO,YES,53053061602,616.02,053,061602,Good
500,0,500_0,33,47.250254,-122.437883,27574,Pacific Ave & S 14th St,Pierce Transit,,,,,,YES,YES,NO,YES,53053061601,616.01,053,061601,Good
500,0,500_0,34,47.253679,-122.438607,14209,Pacific Ave & 11th St S,Pierce Transit,,,,,,NO,YES,NO,YES,53053061601,616.01,053,061601,Good
500,0,500_0,35,47.254469,-122.439739,707,Commerce St Station - Zone B,Pierce Transit,,,,,,YES,YES,NO,YES,53053061601,616.01,053,061601,Good
500,1,500_1,1,47.254469,-122.439739,707,Commerce St Station - Zone B,Pierce Transit,,,,,,YES,YES,NO,YES,53053061601,616.01,053,061601,Great
500,1,500_1,2,47.250225,-122.438019,26174,Pacific Ave & S 14th St,Pierce Transit,,,,,,YES,YES,YES,YES,53053061601,616.01,053,061601,Great
500,1,500_1,3,47.247566,-122.437303,19184,Pacific Ave & S 17th St,Pierce Transit,,,,,,YES,YES,YES,YES,53053060200,602,053,060200,Great
500,1,500_1,4,47.244818,-122.436784,1677,Pacific Ave & S 19th St,Pierce Transit,,,,,,YES,YES,YES,YES,53053061602,616.02,053,061602,Great
500,1,500_1,5,47.242851,-122.436347,1680,Pacific Ave & S 21st St,Pierce Transit,,,,,,YES,YES,NO,YES,53053061602,616.02,053,061602,Great
500,1,500_1,6,47.24001,-122.435137,2059,24th St S & Pacific Ave,Pierce Transit,,,,,,YES,YES,NO,YES,53053061602,616.02,053,061602,Great
500,1,500_1,7,47.240219,-122.433118,2054,Puyallup Ave & E Dock St,Pierce Transit,,,,,,YES,YES,NO,YES,53053061602,616.02,053,061602,Great
500,1,500_1,8,47.240562,-122.429626,2047,Puyallup Ave & E D St,Pierce Transit,,,,,,YES,YES,NO,YES,53053060200,602,053,060200,Great
500,1,500_1,9,47.241008,-122.425334,12938,Tacoma Dome Station - Zone C,Pierce Transit,,,,,,YES,YES,NO,YES,53053060200,602,053,060200,Great
500,1,500_1,10,47.241881,-122.417469,2051,Puyallup Ave & E L St,Pierce Transit,,,,,,YES,YES,NO,YES,53053060200,602,053,060200,Great
501,0,501_0,37,47.240464,-122.410763,1960,Portland Ave & E 26th St,Pierce Transit,,,,,,YES,NO,NO,YES,53053060200,602,053,060200,Good
501,0,501_0,38,47.241984,-122.417304,2050,Puyallup Ave & E L St,Pierce Transit,,,,,,YES,YES,NO,YES,53053060200,602,053,060200,Good
501,0,501_0,39,47.240857,-122.425418,6234,Tacoma Dome Station - Zone D,Pierce Transit,,,,,,YES,YES,NO,YES,53053060200,602,053,060200,Good
501,0,501_0,40,47.240533,-122.430865,2046,Puyallup Ave & E C St,Pierce Transit,,,,,,YES,YES,NO,YES,53053060200,602,053,060200,Good
501,0,501_0,41,47.240274,-122.433138,2053,Puyallup Ave & E Dock St,Pierce Transit,,,,,,YES,YES,NO,YES,53053060200,602,053,060200,Good
501,0,501_0,42,47.240368,-122.435553,1629,Pacific Ave & S 24th St,Pierce Transit,,,,,,YES,YES,NO,YES,53053061602,616.02,053,061602,Good
501,0,501_0,43,47.243357,-122.436194,7889,Pacific Ave & S 21st St,Pierce Transit,,,,,,YES,YES,NO,YES,53053060200,602,053,060200,Good
501,0,501_0,44,47.245089,-122.436492,1678,Pacific Ave & S 19th St,Pierce Transit,,,,,,YES,YES,NO,YES,53053060200,602,053,060200,Good
501,0,501_0,45,47.247919,-122.437266,21022,Pacific Ave & Hood St,Pierce Transit,,,,,,YES,YES,NO,YES,53053061602,616.02,053,061602,Good
501,0,501_0,46,47.250254,-122.437883,27574,Pacific Ave & S 14th St,Pierce Transit,,,,,,YES,YES,NO,YES,53053061601,616.01,053,061601,Good
501,0,501_0,47,47.254469,-122.439739,707,Commerce St Station - Zone B,Pierce Transit,,,,,,YES,YES,NO,YES,53053061601,616.01,053,061601,Good
501,1,501_1,1,47.254469,-122.439739,707,Commerce St Station - Zone B,Pierce Transit,,,,,,YES,YES,NO,YES,53053061601,616.01,053,061601,Great
501,1,501_1,2,47.250225,-122.438019,26174,Pacific Ave & S 14th St,Pierce Transit,,,,,,YES,YES,YES,YES,53053061601,616.01,053,061601,Great
501,1,501_1,3,47.247566,-122.437303,19184,Pacific Ave & S 17th St,Pierce Transit,,,,,,YES,YES,YES,YES,53053060200,602,053,060200,Great
501,1,501_1,4,47.244818,-122.436784,1677,Pacific Ave & S 19th St,Pierce Transit,,,,,,YES,YES,YES,YES,53053061602,616.02,053,061602,Great
501,1,501_1,5,47.242851,-122.436347,1680,Pacific Ave & S 21st St,Pierce Transit,,,,,,YES,YES,NO,YES,53053061602,616.02,053,061602,Great
501,1,501_1,6,47.24001,-122.435137,2059,24th St S & Pacific Ave,Pierce Transit,,,,,,YES,YES,NO,YES,53053061602,616.02,053,061602,Great
501,1,501_1,7,47.240219,-122.433118,2054,Puyallup Ave & E Dock St,Pierce Transit,,,,,,YES,YES,NO,YES,53053061602,616.02,053,061602,Great
501,1,501_1,8,47.240562,-122.429626,2047,Puyallup Ave & E D St,Pierce Transit,,,,,,YES,YES,NO,YES,53053060200,602,053,060200,Great
501,1,501_1,9,47.241008,-122.425334,12938,Tacoma Dome Station - Zone C,Pierce Transit,,,,,,YES,YES,NO,YES,53053060200,602,053,060200,Great
501,1,501_1,10,47.241881,-122.417469,2051,Puyallup Ave & E L St,Pierce Transit,,,,,,YES,YES,NO,YES,53053060200,602,053,060200,Great
52,0,52_0,1,47.213944,-122.469813,21875,Tacoma Mall TC - Zone E,Pierce Transit,,,,,,YES,NO,NO,YES,53053062600,626,053,062600,Good
52,0,52_0,2,47.214834,-122.472855,2310,47th St S & Oakes St,Pierce Transit,,,,,,YES,YES,NO,YES,53053062600,626,053,062600,Good
52,0,52_0,3,47.214917,-122.47632,2306,47th St S & Cedar St,Pierce Transit,,,,,,YES,YES,NO,YES,53053062901,629.01,053,062901,Good
52,0,52_0,4,47.214923,-122.478884,2308,47th St S & Lawrence St,Pierce Transit,,,,,,YES,YES,NO,YES,53053062901,629.01,053,062901,Good
52,0,52_0,5,47.215202,-122.480512,2831,Warner St & S 47th St,Pierce Transit,,,,,,NO,NO,NO,YES,53053062901,629.01,053,062901,Good
52,0,52_0,6,47.218605,-122.480521,2827,Warner St & S 43rd St,Pierce Transit,,,,,,NO,NO,NO,YES,53053062901,629.01,053,062901,Good
52,0,52_0,7,47.222,-122.480617,2823,Warner St & S 38th St,Pierce Transit,,,,,,NO,NO,NO,YES,53053062600,626,053,062600,Good
52,0,52_0,8,47.22847,-122.483598,2762,Union Ave & S 35th St,Pierce Transit,,,,,,NO,NO,NO,YES,53053062600,626,053,062600,Good
52,0,52_0,9,47.231329,-122.484606,668,Center St & Washington St S,Pierce Transit,,,,,,NO,NO,NO,YES,53053062801,628.01,053,062801,Good
52,0,52_0,10,47.231312,-122.487532,643,Center St & Durango St,Pierce Transit,,,,,,NO,NO,NO,YES,53053062801,628.01,053,062801,Good
52,0,52_0,11,47.231327,-122.490649,645,Center St & Gunnison St,Pierce Transit,,,,,,NO,NO,NO,YES,53053062801,628.01,053,062801,Good
52,0,52_0,12,47.232208,-122.494548,655,Center St & Mason St S,Pierce Transit,,,,,,NO,NO,NO,YES,53053062801,628.01,053,062801,Good
52,0,52_0,13,47.234479,-122.501268,657,Center St & Mullen St,Pierce Transit,,,,,,NO,NO,NO,YES,53053062801,628.01,053,062801,Good
52,0,52_0,21,47.24265,-122.529735,164,19th St S & 70th Ave W,Pierce Transit,,,,,,NO,NO,NO,YES,53053072311,723.11,053,072311,Good
52,0,52_0,22,47.243663,-122.525653,30466,TCC TC - Zone D,Pierce Transit,,,,,,YES,NO,NO,YES,53053061002,610.02,053,061002,Good
52,1,52_1,1,47.243663,-122.525653,30466,TCC TC - Zone D,Pierce Transit,,,,,,YES,NO,NO,YES,53053061002,610.02,053,061002,Good
52,1,52_1,2,47.242762,-122.528829,2238,19th St S & 70th Ave W,Pierce Transit,,,,,,YES,NO,NO,YES,53053061002,610.02,053,061002,Good
52,1,52_1,11,47.234369,-122.501005,658,Center St & Mullen St,Pierce Transit,,,,,,NO,NO,NO,YES,53053062801,628.01,053,062801,Good
52,1,52_1,12,47.232183,-122.494776,656,Center St & Mason Ave,Pierce Transit,,,,,,NO,NO,NO,YES,53053062801,628.01,053,062801,Good
52,1,52_1,13,47.231462,-122.49303,667,Center St & Tyler St,Pierce Transit,,,,,,NO,NO,NO,YES,53053062801,628.01,053,062801,Good
52,1,52_1,14,47.231233,-122.489426,661,Center St & Madison St,Pierce Transit,,,,,,NO,NO,NO,YES,53053062801,628.01,053,062801,Good
52,1,52_1,15,47.231209,-122.486989,644,Center St & Durango St,Pierce Transit,,,,,,NO,NO,NO,YES,53053062801,628.01,053,062801,Good
52,1,52_1,16,47.231219,-122.484944,669,Center St & Washington St S,Pierce Transit,,,,,,NO,NO,NO,YES,53053062600,626,053,062600,Good
52,1,52_1,17,47.228341,-122.483755,2764,Union Ave & S 35th St,Pierce Transit,,,,,,NO,NO,NO,YES,53053062600,626,053,062600,Good
52,1,52_1,18,47.222071,-122.480729,2824,Warner St & S 38th St,Pierce Transit,,,,,,NO,NO,NO,YES,53053062600,626,053,062600,Good
52,1,52_1,19,47.218743,-122.480655,2828,Warner St & S 43rd St,Pierce Transit,,,,,,NO,NO,NO,YES,53053062600,626,053,062600,Good
52,1,52_1,20,47.21683,-122.480632,2830,Warner St & S 45th St,Pierce Transit,,,,,,NO,NO,NO,YES,53053062901,629.01,053,062901,Good
52,1,52_1,21,47.214824,-122.479186,2309,47th St S & Lawrence St,Pierce Transit,,,,,,YES,YES,NO,YES,53053062901,629.01,053,062901,Good
52,1,52_1,22,47.214827,-122.476598,2307,47th St S & Cedar St,Pierce Transit,,,,,,YES,YES,NO,YES,53053062901,629.01,053,062901,Good
52,1,52_1,23,47.214728,-122.472606,2311,47th St S & Oakes St,Pierce Transit,,,,,,YES,YES,NO,YES,53053062600,626,053,062600,Good
52,1,52_1,24,47.213944,-122.469813,21875,Tacoma Mall TC - Zone E,Pierce Transit,,,,,,YES,NO,NO,YES,53053062600,626,053,062600,Good
53,0,53_0,1,47.213748,-122.46964,6570,Tacoma Mall TC - Zone C,Pierce Transit,,,,,,NO,NO,NO,YES,53053062600,626,053,062600,Acceptable
53,0,53_0,2,47.213937,-122.472677,1535,Oakes St S & S 48th St,Pierce Transit,,,,,,NO,NO,NO,YES,53053062600,626,053,062600,Acceptable
53,0,53_0,3,47.209523,-122.472407,1539,Oakes St S & S 52nd St,Pierce Transit,,,,,,NO,NO,NO,YES,53053062600,626,053,062600,Acceptable
53,0,53_0,4,47.207574,-122.472383,1541,Oakes St S & S 54th St,Pierce Transit,,,,,,NO,NO,NO,YES,53053063000,630,053,063000,Acceptable
53,0,53_0,5,47.202684,-122.472357,1545,Oakes St S & S 60th St,Pierce Transit,,,,,,NO,NO,NO,YES,53053063000,630,053,063000,Acceptable
53,0,53_0,6,47.200869,-122.472351,1547,Oakes St S & S 62nd St,Pierce Transit,,,,,,NO,NO,NO,YES,53053063000,630,053,063000,Acceptable
53,0,53_0,7,47.199034,-122.47236,1549,Oakes St S & S 64th St,Pierce Transit,,,,,,NO,NO,NO,YES,53053063000,630,053,063000,Acceptable
53,0,53_0,8,47.19746,-122.475944,1087176311,S 66th St & Clement Ave,Pierce Transit,,,,,,NO,NO,NO,YES,53053062902,629.02,053,062902,Acceptable
53,0,53_0,9,47.197486,-122.481408,1210884653,S 66th St & S Warner St,Pierce Transit,,,,,,NO,NO,NO,YES,53053062902,629.02,053,062902,Acceptable
53,0,53_0,10,47.19741,-122.486801,13597,66th St S & Adams St,Pierce Transit,,,,,,NO,NO,NO,YES,53053062600,626,053,062600,Acceptable
53,0,53_0,11,47.197453,-122.489588,15465,66th St S & Proctor St,Pierce Transit,,,,,,NO,NO,NO,YES,53053062600,626,053,062600,Acceptable
53,0,53_0,12,47.197497,-122.494177,2394,66th St S & S Mason Ave,Pierce Transit,,,,,,NO,NO,NO,YES,53053062802,628.02,053,062802,Acceptable
53,0,53_0,13,47.197497,-122.49818,2384,66th St S & Cheyenne St,Pierce Transit,,,,,,NO,NO,NO,YES,53053062802,628.02,053,062802,Acceptable
53,0,53_0,14,47.197509,-122.502005,19286,66th St S & Ferdinand St,Pierce Transit,,,,,,NO,NO,NO,YES,53053062802,628.02,053,062802,Acceptable
53,0,53_0,15,47.197519,-122.505122,2393,66th St S & S Orchard St,Pierce Transit,,,,,,NO,NO,NO,YES,53053062802,628.02,053,062802,Acceptable
53,0,53_0,16,47.198955,-122.508613,26833,Lakewood Dr W & 65th St W,Pierce Transit,,,,,,NO,NO,NO,YES,53053071803,718.03,053,071803,Acceptable
53,0,53_0,18,47.204233,-122.506995,1583,Orchard St W & Hanna Pierce Rd,Pierce Transit,,,,,,NO,NO,NO,YES,53053072312,723.12,053,072312,Acceptable
53,0,53_0,19,47.20531,-122.505932,1612,Orchard St W & S 56th St,Pierce Transit,,,,,,NO,NO,NO,YES,53053072312,723.12,053,072312,Acceptable
53,0,53_0,20,47.207536,-122.505202,1611,Orchard St W & S 56th St,Pierce Transit,,,,,,NO,NO,NO,YES,53053062801,628.01,053,062801,Acceptable
53,0,53_0,21,47.21013,-122.505181,1579,Orchard St W & 51st St W,Pierce Transit,,,,,,NO,NO,NO,YES,53053062801,628.01,053,062801,Acceptable
53,0,53_0,22,47.21408,-122.505213,1609,Orchard St W & S 48th St,Pierce Transit,,,,,,NO,NO,NO,YES,53053062801,628.01,053,062801,Acceptable
53,0,53_0,23,47.215902,-122.50518,1577,Orchard St W & S 46th St,Pierce Transit,,,,,,NO,NO,NO,YES,53053062801,628.01,053,062801,Acceptable
53,0,53_0,24,47.219432,-122.505159,1608,Orchard St W & Birch St W,Pierce Transit,,,,,,NO,NO,NO,YES,53053062801,628.01,053,062801,Acceptable
53,0,53_0,46,47.243078,-122.526133,29918,TCC TC - Zone I,Pierce Transit,,,,,,YES,NO,NO,YES,53053061002,610.02,053,061002,Acceptable
53,1,53_1,1,47.243078,-122.526133,29918,TCC TC - Zone I,Pierce Transit,,,,,,YES,NO,NO,YES,53053061002,610.02,053,061002,Good
53,1,53_1,23,47.220705,-122.505279,1576,Orchard St W & Emerson St,Pierce Transit,,,,,,NO,NO,NO,YES,53053072313,723.13,053,072313,Good
53,1,53_1,24,47.218801,-122.505325,30232,Orchard St W & Birch,Pierce Transit,,,,,,NO,NO,NO,YES,53053072313,723.13,053,072313,Good
53,1,53_1,25,47.215228,-122.505345,1578,Orchard St W & 46th St,Pierce Transit,,,,,,NO,NO,NO,YES,53053072313,723.13,053,072313,Good
53,1,53_1,26,47.211112,-122.50534,1605,Orchard St W & 51st St W,Pierce Transit,,,,,,NO,NO,NO,YES,53053072313,723.13,053,072313,Good
53,1,53_1,27,47.208099,-122.505368,1582,Orchard St W & 54th St W,Pierce Transit,,,,,,NO,NO,NO,YES,53053072313,723.13,053,072313,Good
53,1,53_1,28,47.205857,-122.505704,1614,Orchard St W & 56th St S,Pierce Transit,,,,,,NO,NO,NO,YES,53053072312,723.12,053,072312,Good
53,1,53_1,30,47.199008,-122.508779,1087,Lakewood Dr W & 64th St W,Pierce Transit,,,,,,NO,NO,NO,YES,53053071803,718.03,053,071803,Good
53,1,53_1,31,47.197454,-122.50712,2383,66th St W & 53rd Ave W,Pierce Transit,,,,,,NO,NO,NO,YES,53053071803,718.03,053,071803,Good
53,1,53_1,32,47.197419,-122.501863,31139,66th St S & Ferdinand St,Pierce Transit,,,,,,NO,NO,NO,YES,53053062802,628.02,053,062802,Good
53,1,53_1,33,47.197403,-122.496475,2386,66th St S & Verde St,Pierce Transit,,,,,,NO,NO,NO,YES,53053062802,628.02,053,062802,Good
53,1,53_1,34,47.197372,-122.491243,17472,66th St S & Monroe St,Pierce Transit,,,,,,NO,NO,NO,YES,53053062802,628.02,053,062802,Good
53,1,53_1,35,47.19731,-122.486039,7330,66th St S & Adams St,Pierce Transit,,,,,,NO,NO,NO,YES,53053062802,628.02,053,062802,Good
53,1,53_1,36,47.197394,-122.480643,1441112769,S 66th St & S Warner St,Pierce Transit,,,,,,NO,NO,NO,YES,53053062902,629.02,053,062902,Good
53,1,53_1,37,47.197363,-122.475281,1178760043,S 66th St & Clement Ave,Pierce Transit,,,,,,NO,NO,NO,YES,53053062902,629.02,053,062902,Good
53,1,53_1,38,47.197629,-122.472248,1550,Oakes St S & S 66th St,Pierce Transit,,,,,,NO,NO,NO,YES,53053063000,630,053,063000,Good
53,1,53_1,39,47.19945,-122.472222,1548,Oakes St S & S 64th St,Pierce Transit,,,,,,NO,NO,NO,YES,53053063000,630,053,063000,Good
53,1,53_1,40,47.201269,-122.472212,1546,Oakes St S & S 62nd St,Pierce Transit,,,,,,NO,NO,NO,YES,53053063000,630,053,063000,Good
53,1,53_1,41,47.203076,-122.472226,1544,Oakes St S & S 60th St,Pierce Transit,,,,,,NO,NO,NO,YES,53053063000,630,053,063000,Good
53,1,53_1,42,47.207957,-122.472253,1540,Oakes St S & S 54th St,Pierce Transit,,,,,,YES,NO,NO,YES,53053063000,630,053,063000,Good
53,1,53_1,43,47.210962,-122.472311,1538,Oakes St S & S 51st St,Pierce Transit,,,,,,NO,NO,NO,YES,53053062600,626,053,062600,Good
53,1,53_1,44,47.214728,-122.472606,2311,47th St S & Oakes St,Pierce Transit,,,,,,YES,YES,NO,YES,53053062600,626,053,062600,Good
53,1,53_1,45,47.213748,-122.46964,6570,Tacoma Mall TC - Zone C,Pierce Transit,,,,,,NO,NO,NO,YES,53053062600,626,053,062600,Good
54,0,54_0,1,47.192461,-122.411019,16005,72nd St TC - Zone E,Pierce Transit,,,,,,YES,NO,NO,YES,53053063301,633.01,053,063301,Good
54,0,54_0,2,47.19231,-122.407679,1995,Portland Ave E & E 72nd St,Pierce Transit,,,,,,NO,NO,NO,YES,53053063301,633.01,053,063301,Good
54,0,54_0,3,47.196288,-122.407603,1993,Portland Ave E & E 67th St,Pierce Transit,,,,,,NO,NO,NO,YES,53053063301,633.01,053,063301,Good
54,0,54_0,4,47.198899,-122.407756,1991,Portland Ave E & E 64th St,Pierce Transit,,,,,,NO,NO,NO,YES,53053063301,633.01,053,063301,Good
54,0,54_0,5,47.200727,-122.407845,1989,Portland Ave E & E 62nd St,Pierce Transit,,,,,,NO,NO,NO,YES,53053063301,633.01,053,063301,Good
54,0,54_0,6,47.202546,-122.407865,1987,Portland Ave E & E 60th St,Pierce Transit,,,,,,NO,NO,NO,YES,53053063301,633.01,053,063301,Good
54,0,54_0,7,47.206558,-122.407858,1983,Portland Ave E & E 56th St,Pierce Transit,,,,,,YES,NO,NO,YES,53053062300,623,053,062300,Good
54,0,54_0,8,47.210637,-122.407798,4147,Portland Ave E & Pipeline Rd E,Pierce Transit,,,,,,YES,NO,NO,YES,53053062300,623,053,062300,Good
54,0,54_0,9,47.213736,-122.407602,1975,Portland Ave E & E 48th St,Pierce Transit,,,,,,YES,NO,NO,YES,53053940006,9400.06,053,940006,Good
54,0,54_0,10,47.215629,-122.407573,1974,Portland Ave E & E 46th St,Pierce Transit,,,,,,YES,NO,NO,YES,53053940006,9400.06,053,940006,Good
54,0,54_0,11,47.21731,-122.407576,1972,Portland Ave E & E 44th St,Pierce Transit,,,,,,YES,NO,NO,YES,53053940006,9400.06,053,940006,Good
54,0,54_0,12,47.221733,-122.407604,1958,Portland Ave & Arlington Dr,Pierce Transit,,,,,,NO,NO,NO,YES,53053940006,9400.06,053,940006,Good
54,0,54_0,13,47.223133,-122.408218,774,E 38th St & Portland Ave,Pierce Transit,,,,,,NO,NO,NO,YES,53053062000,620,053,062000,Good
54,0,54_0,14,47.223156,-122.414301,769,E 38th St & E L St,Pierce Transit,,,,,,NO,NO,NO,YES,53053062000,620,053,062000,Good
54,0,54_0,15,47.223171,-122.416548,767,E 38th St & E K St,Pierce Transit,,,,,,NO,NO,NO,YES,53053062000,620,053,062000,Good
54,0,54_0,16,47.223174,-122.418286,765,E 38th St & E I St,Pierce Transit,,,,,,NO,NO,NO,YES,53053062000,620,053,062000,Good
54,0,54_0,17,47.22318,-122.421262,772,38th St E & McKinley Ave,Pierce Transit,,,,,,NO,NO,NO,YES,53053062000,620,053,062000,Good
54,0,54_0,18,47.223161,-122.431813,763,38th St E & E A St,Pierce Transit,,,,,,NO,NO,NO,YES,53053061900,619,053,061900,Good
54,0,54_0,19,47.223152,-122.434357,2303,38th St S & Pacific Ave,Pierce Transit,,,,,,NO,NO,NO,YES,53053061900,619,053,061900,Good
54,0,54_0,20,47.223153,-122.437875,2298,38th St S & Fawcett Ave,Pierce Transit,,,,,,NO,NO,NO,YES,53053061900,619,053,061900,Good
54,0,54_0,21,47.223152,-122.441036,2299,38th St S & G St,Pierce Transit,,,,,,NO,NO,NO,YES,53053061800,618,053,061800,Good
54,0,54_0,22,47.223149,-122.443704,238,38th St S & Yakima Ave,Pierce Transit,,,,,,NO,NO,NO,YES,53053061800,618,053,061800,Good
54,0,54_0,23,47.223161,-122.447666,237,38th St S & K St,Pierce Transit,,,,,,YES,NO,NO,YES,53053061800,618,053,061800,Good
54,0,54_0,24,47.223208,-122.450607,49821,38th St S & M St S,Pierce Transit,,,,,,NO,NO,NO,YES,53053061800,618,053,061800,Good
54,0,54_0,25,47.223209,-122.453786,12327,38th St S & Cushman Ave S,Pierce Transit,,,,,,NO,NO,NO,YES,53053061800,618,053,061800,Good
54,0,54_0,26,47.221032,-122.458072,461,Alaska St S & S 40th St,Pierce Transit,,,,,,NO,NO,NO,YES,53053062501,625.01,053,062501,Good
54,0,54_0,27,47.219243,-122.458179,463,Alaska St S & S 42nd St,Pierce Transit,,,,,,NO,NO,NO,YES,53053062501,625.01,053,062501,Good
54,0,54_0,28,47.216321,-122.45829,465,Alaska St S & S 45th St,Pierce Transit,,,,,,NO,NO,NO,YES,53053062501,625.01,053,062501,Good
54,0,54_0,29,47.213853,-122.458591,2312,48th St S & Alaska St,Pierce Transit,,,,,,YES,NO,NO,YES,53053062501,625.01,053,062501,Good
54,0,54_0,30,47.213935,-122.465201,2322,48th St S & Tacoma Mall Blvd,Pierce Transit,,,,,,YES,YES,NO,YES,53053062600,626,053,062600,Good
54,0,54_0,31,47.213896,-122.469296,32553,Tacoma Mall TC - Zone I,Pierce Transit,,,,,,YES,NO,NO,YES,53053062600,626,053,062600,Good
54,1,54_1,1,47.213896,-122.469296,32553,Tacoma Mall TC - Zone I,Pierce Transit,,,,,,YES,NO,NO,YES,53053062600,626,053,062600,Acceptable
54,1,54_1,2,47.213855,-122.465256,2323,48th St S & Tacoma Mall Blvd,Pierce Transit,,,,,,YES,NO,NO,YES,53053062600,626,053,062600,Acceptable
54,1,54_1,3,47.213783,-122.46011,2328,48th St S & Alaska - Wilkeson Overpass,Pierce Transit,,,,,,YES,NO,NO,YES,53053062502,625.02,053,062502,Acceptable
54,1,54_1,4,47.214597,-122.458223,466,Alaska St S & S 47th St,Pierce Transit,,,,,,NO,NO,NO,YES,53053062501,625.01,053,062501,Acceptable
54,1,54_1,5,47.216688,-122.458131,464,Alaska St S & S 45th St,Pierce Transit,,,,,,NO,NO,NO,YES,53053062501,625.01,053,062501,Acceptable
54,1,54_1,6,47.219314,-122.458037,462,Alaska St S & S 42nd St,Pierce Transit,,,,,,NO,NO,NO,YES,53053062501,625.01,053,062501,Acceptable
54,1,54_1,7,47.220857,-122.457957,460,Alaska St S & S 40th St,Pierce Transit,,,,,,NO,NO,NO,YES,53053062501,625.01,053,062501,Acceptable
54,1,54_1,8,47.223109,-122.454754,23578,38th St S & Ainsworth Ave S,Pierce Transit,,,,,,NO,NO,NO,YES,53053062501,625.01,053,062501,Acceptable
54,1,54_1,9,47.223099,-122.451859,20342,38th St S & Sheridan Ave S,Pierce Transit,,,,,,NO,NO,NO,YES,53053062501,625.01,053,062501,Acceptable
54,1,54_1,10,47.223086,-122.44968,2302,38th St S & L St,Pierce Transit,,,,,,YES,NO,NO,YES,53053062501,625.01,053,062501,Acceptable
54,1,54_1,11,47.22306,-122.447852,2301,38th St S & K St,Pierce Transit,,,,,,YES,NO,NO,YES,53053062501,625.01,053,062501,Acceptable
54,1,54_1,12,47.223047,-122.443375,2305,38th St S & Yakima Ave,Pierce Transit,,,,,,NO,NO,NO,YES,53053062501,625.01,053,062501,Acceptable
54,1,54_1,13,47.223048,-122.440368,2300,38th St S & G St,Pierce Transit,,,,,,NO,NO,NO,YES,53053062400,624,053,062400,Acceptable
54,1,54_1,14,47.22305,-122.436463,2297,38th St S & D St,Pierce Transit,,,,,,NO,NO,NO,YES,53053062400,624,053,062400,Acceptable
54,1,54_1,15,47.223051,-122.433492,2304,38th St S & Pacific Ave,Pierce Transit,,,,,,NO,NO,NO,YES,53053062400,624,053,062400,Acceptable
54,1,54_1,16,47.223065,-122.430831,764,38th St E & E A St,Pierce Transit,,,,,,NO,NO,NO,YES,53053062400,624,053,062400,Acceptable
54,1,54_1,17,47.223082,-122.420466,773,38th St E & McKinley Ave,Pierce Transit,,,,,,NO,NO,NO,YES,53053062300,623,053,062300,Acceptable
54,1,54_1,18,47.223068,-122.4183,766,38th St E & E I St,Pierce Transit,,,,,,NO,NO,NO,YES,53053062300,623,053,062300,Acceptable
54,1,54_1,19,47.223068,-122.416118,768,38th St E & E K St,Pierce Transit,,,,,,NO,NO,NO,YES,53053062000,620,053,062000,Acceptable
54,1,54_1,20,47.223041,-122.413844,770,38th St E & E L St,Pierce Transit,,,,,,NO,NO,NO,YES,53053062000,620,053,062000,Acceptable
54,1,54_1,21,47.223024,-122.409991,771,38th St E & Portland Ave,Pierce Transit,,,,,,NO,NO,NO,YES,53053062000,620,053,062000,Acceptable
54,1,54_1,22,47.222877,-122.40775,8159,Portland Ave E & E 38th St,Pierce Transit,,,,,,NO,NO,NO,YES,53053062000,620,053,062000,Acceptable
54,1,54_1,23,47.22048,-122.407761,1971,Portland Ave E & E 40th,Pierce Transit,,,,,,NO,NO,NO,YES,53053062300,623,053,062300,Acceptable
54,1,54_1,24,47.217637,-122.407737,25405,Portland Ave E & 44th St E,Pierce Transit,,,,,,NO,NO,NO,YES,53053062300,623,053,062300,Acceptable
54,1,54_1,25,47.215544,-122.407727,3898,Portland Ave & E 46th St,Pierce Transit,,,,,,YES,NO,NO,YES,53053062300,623,053,062300,Acceptable
54,1,54_1,26,47.213643,-122.407756,1976,Portland Ave E & E 48th St,Pierce Transit,,,,,,YES,NO,NO,YES,53053062300,623,053,062300,Acceptable
54,1,54_1,27,47.21028,-122.407958,18080,Portland Ave E & Pipeline Rd E,Pierce Transit,,,,,,YES,NO,NO,YES,53053062300,623,053,062300,Acceptable
54,1,54_1,28,47.204996,-122.408004,1984,Portland Ave E & E 56th St,Pierce Transit,,,,,,NO,NO,NO,YES,53053063302,633.02,053,063302,Acceptable
54,1,54_1,29,47.202408,-122.408013,1988,Portland Ave E & E 60th St,Pierce Transit,,,,,,NO,NO,NO,YES,53053063302,633.02,053,063302,Acceptable
54,1,54_1,30,47.200632,-122.407994,1990,Portland Ave E & E 62nd St,Pierce Transit,,,,,,NO,NO,NO,YES,53053063302,633.02,053,063302,Acceptable
54,1,54_1,31,47.198763,-122.407859,1992,Portland Ave E & E 64th St,Pierce Transit,,,,,,NO,NO,NO,YES,53053063301,633.01,053,063301,Acceptable
54,1,54_1,32,47.195921,-122.407767,1994,Portland Ave E & E 67th St,Pierce Transit,,,,,,NO,NO,NO,YES,53053063301,633.01,053,063301,Acceptable
54,1,54_1,33,47.193312,-122.407827,304,Portland Ave E & 68th St E,Pierce Transit,,,,,,NO,NO,NO,YES,53053063301,633.01,053,063301,Acceptable
54,1,54_1,34,47.192461,-122.411019,16005,72nd St TC - Zone E,Pierce Transit,,,,,,YES,NO,NO,YES,53053063301,633.01,053,063301,Acceptable
55,0,55_0,1,47.21365,-122.469403,24069,Tacoma Mall TC - Zone B,Pierce Transit,,,,,,NO,NO,NO,YES,53053062600,626,053,062600,Acceptable
55,0,55_0,2,47.213855,-122.465256,2323,48th St S & Tacoma Mall Blvd,Pierce Transit,,,,,,YES,NO,NO,YES,53053062600,626,053,062600,Acceptable
55,0,55_0,3,47.213783,-122.46011,2328,48th St S & Alaska - Wilkeson Overpass,Pierce Transit,,,,,,YES,NO,NO,YES,53053062502,625.02,053,062502,Acceptable
55,0,55_0,4,47.212339,-122.458403,3982,Alaska St S & S 49th St,Pierce Transit,,,,,,NO,NO,NO,YES,53053062502,625.02,053,062502,Acceptable
55,0,55_0,5,47.20996,-122.458481,468,Alaska St S & S 52nd St S,Pierce Transit,,,,,,NO,NO,NO,YES,53053062502,625.02,053,062502,Acceptable
55,0,55_0,6,47.206234,-122.458587,472,Alaska St S & S 56th St,Pierce Transit,,,,,,NO,NO,NO,YES,53053063100,631,053,063100,Acceptable
55,0,55_0,7,47.202544,-122.459169,474,Alaska St S & S 60th St,Pierce Transit,,,,,,NO,NO,NO,YES,53053063100,631,053,063100,Acceptable
55,0,55_0,8,47.19794,-122.459238,11866,Alaska St S & Asotin Ct S,Pierce Transit,,,,,,NO,NO,NO,YES,53053063100,631,053,063100,Acceptable
55,0,55_0,9,47.196026,-122.458687,7535,Alaska St S & Winco Rear Driveway,Pierce Transit,,,,,,NO,NO,NO,YES,53053063100,631,053,063100,Acceptable
55,0,55_0,10,47.192222,-122.457964,477,Alaska St S & S 72nd St,Pierce Transit,,,,,,NO,NO,NO,YES,53053063100,631,053,063100,Acceptable
55,0,55_0,11,47.190074,-122.460267,967,Hosmer St & S 74th St,Pierce Transit,,,,,,NO,NO,NO,YES,53053063501,635.01,053,063501,Acceptable
55,0,55_0,12,47.186021,-122.463128,971,Hosmer St & S 80th St,Pierce Transit,,,,,,NO,NO,NO,YES,53053063501,635.01,053,063501,Acceptable
55,0,55_0,13,47.184469,-122.463269,972,Hosmer St & S 80th St,Pierce Transit,,,,,,NO,NO,NO,YES,53053071703,717.03,053,071703,Acceptable
55,0,55_0,14,47.180745,-122.463282,974,Hosmer St & S 84th St,Pierce Transit,,,,,,NO,NO,NO,YES,53053071703,717.03,053,071703,Acceptable
55,0,55_0,15,47.178554,-122.463241,965,Hosmer St S & 8620 S Hosmer St,Pierce Transit,,,,,,NO,NO,NO,YES,53053071703,717.03,053,071703,Acceptable
55,0,55_0,16,47.173626,-122.463191,978,Hosmer St & S 92nd St,Pierce Transit,,,,,,NO,NO,NO,YES,53053071703,717.03,053,071703,Acceptable
55,0,55_0,17,47.171764,-122.464152,2563,Steele St & Hosmer St,Pierce Transit,,,,,,NO,NO,NO,YES,53053071703,717.03,053,071703,Acceptable
55,0,55_0,18,47.170147,-122.465059,421,96th St S & Steele St,Pierce Transit,,,,,,NO,NO,NO,YES,53053071703,717.03,053,071703,Acceptable
55,0,55_0,19,47.170168,-122.457876,416,96th St S & Alaska St,Pierce Transit,,,,,,NO,NO,NO,YES,53053071703,717.03,053,071703,Acceptable
55,1,55_1,12,47.170269,-122.45819,415,96th St S & Alaska St,Pierce Transit,,,,,,NO,NO,NO,YES,53053063502,635.02,053,063502,Good
55,1,55_1,13,47.170399,-122.46543,2564,Steele St & S 96th St,Pierce Transit,,,,,,YES,NO,NO,YES,53053071703,717.03,053,071703,Good
55,1,55_1,14,47.17205,-122.46366,2562,Steele St & Hosmer St,Pierce Transit,,,,,,YES,NO,NO,YES,53053071703,717.03,053,071703,Good
55,1,55_1,15,47.173676,-122.463036,977,Hosmer St & S 92nd St,Pierce Transit,,,,,,YES,NO,NO,YES,53053063502,635.02,053,063502,Good
55,1,55_1,16,47.178258,-122.463116,964,Hosmer St S & 8711 S Hosmer St,Pierce Transit,,,,,,YES,NO,NO,YES,53053063502,635.02,053,063502,Good
55,1,55_1,17,47.180415,-122.463129,973,Hosmer St & S 84th St,Pierce Transit,,,,,,YES,NO,NO,YES,53053063502,635.02,053,063502,Good
55,1,55_1,18,47.183989,-122.463123,3012,Hosmer St & S 80th St,Pierce Transit,,,,,,NO,NO,NO,YES,53053063501,635.01,053,063501,Good
55,1,55_1,19,47.186793,-122.462732,970,Hosmer St & S 76th St,Pierce Transit,,,,,,NO,NO,NO,YES,53053063501,635.01,053,063501,Good
55,1,55_1,20,47.188437,-122.462042,968,Hosmer St & S 76th St,Pierce Transit,,,,,,NO,NO,NO,YES,53053063501,635.01,053,063501,Good
55,1,55_1,21,47.191572,-122.459718,966,Hosmer St & S 72nd St,Pierce Transit,,,,,,NO,NO,NO,YES,53053063501,635.01,053,063501,Good
55,1,55_1,22,47.192235,-122.457827,476,Alaska St S & S 72nd St,Pierce Transit,,,,,,NO,NO,NO,YES,53053063100,631,053,063100,Good
55,1,55_1,23,47.197825,-122.459065,11512,Alaska St S & Asotin Ct S,Pierce Transit,,,,,,NO,NO,NO,YES,53053063100,631,053,063100,Good
55,1,55_1,24,47.20258,-122.458965,473,Alaska St S & Wapato Lk Dr S,Pierce Transit,,,,,,NO,NO,NO,YES,53053063100,631,053,063100,Good
55,1,55_1,25,47.20673,-122.458436,471,Alaska St S & S 56th St,Pierce Transit,,,,,,NO,NO,NO,YES,53053062502,625.02,053,062502,Good
55,1,55_1,26,47.210259,-122.458335,467,Alaska St S & S 52nd St,Pierce Transit,,,,,,NO,NO,NO,YES,53053062502,625.02,053,062502,Good
55,1,55_1,27,47.212421,-122.458265,30017,Alaska St S & S 49th St,Pierce Transit,,,,,,NO,NO,NO,YES,53053062502,625.02,053,062502,Good
55,1,55_1,28,47.213853,-122.458591,2312,48th St S & Alaska St,Pierce Transit,,,,,,YES,NO,NO,YES,53053062501,625.01,053,062501,Good
55,1,55_1,29,47.213935,-122.465201,2322,48th St S & Tacoma Mall Blvd,Pierce Transit,,,,,,YES,YES,NO,YES,53053062600,626,053,062600,Good
55,1,55_1,30,47.21365,-122.469403,24069,Tacoma Mall TC - Zone B,Pierce Transit,,,,,,NO,NO,NO,YES,53053062600,626,053,062600,Good
57,0,57_0,1,47.254184,-122.439531,708,Commerce St Station - Zone F,Pierce Transit,,,,,,YES,YES,NO,YES,53053061601,616.01,053,061601,Good
57,0,57_0,2,47.25523,-122.441186,2408,9th St S & St Helens Ave,Pierce Transit,,,,,,YES,YES,NO,YES,53053061601,616.01,053,061601,Good
57,0,57_0,3,47.255046,-122.443272,2406,9th St S & Fawcett Ave,Pierce Transit,,,,,,YES,YES,NO,YES,53053061601,616.01,053,061601,Good
57,0,57_0,4,47.252901,-122.444552,2648,Tacoma Ave S & S 11th St,Pierce Transit,,,,,,NO,NO,NO,YES,53053061400,614,053,061400,Good
57,0,57_0,5,47.248826,-122.443601,2663,Tacoma Ave S & S 15th St,Pierce Transit,,,,,,NO,NO,NO,YES,53053061400,614,053,061400,Good
57,0,57_0,6,47.244826,-122.442723,2667,Tacoma Ave S & S 19th St,Pierce Transit,,,,,,NO,NO,NO,YES,53053061400,614,053,061400,Good
57,0,57_0,7,47.244306,-122.445413,2253,19th St S & Yakima Ave,Pierce Transit,,,,,,YES,NO,NO,YES,53053061400,614,053,061400,Good
57,0,57_0,8,47.24364,-122.448445,1034,J St & S 19th St,Pierce Transit,,,,,,NO,NO,NO,YES,53053061700,617,053,061700,Good
57,0,57_0,9,47.24166,-122.447987,1036,J St & S 21st St,Pierce Transit,,,,,,NO,NO,NO,YES,53053061700,617,053,061700,Good
57,0,57_0,10,47.239622,-122.447522,1038,J St & S 23rd St,Pierce Transit,,,,,,NO,NO,NO,YES,53053061700,617,053,061700,Good
57,0,57_0,11,47.237638,-122.448364,2261,25th St S & MLK Wy,Pierce Transit,,,,,,NO,NO,NO,YES,53053061700,617,053,061700,Good
57,0,57_0,12,47.237194,-122.452596,2259,25th St S & Sheridan Ave,Pierce Transit,,,,,,NO,NO,NO,YES,53053061700,617,053,061700,Good
57,0,57_0,13,47.236819,-122.45613,2256,25th St S & Ainsworth Ave,Pierce Transit,,,,,,NO,NO,NO,YES,53053061700,617,053,061700,Good
57,0,57_0,14,47.236696,-122.462617,2264,25th St S & Sprague Ave,Pierce Transit,,,,,,NO,NO,NO,YES,53053061700,617,053,061700,Good
57,0,57_0,15,47.23934,-122.465171,2560,State St & S 23rd St S,Pierce Transit,,,,,,NO,NO,NO,YES,53053061700,617,053,061700,Good
57,0,57_0,16,47.240929,-122.46558,2559,Trafton St & State St,Pierce Transit,,,,,,NO,NO,NO,YES,53053061700,617,053,061700,Good
57,0,57_0,17,47.242787,-122.467592,2241,19th St S & Trafton St,Pierce Transit,,,,,,YES,NO,NO,YES,53053061200,612,053,061200,Good
57,0,57_0,18,47.242868,-122.473188,2212,19th St S & Anderson St,Pierce Transit,,,,,,YES,NO,NO,YES,53053061200,612,053,061200,Good
57,0,57_0,19,47.242847,-122.476816,2215,19th St S & Cedar St,Pierce Transit,,,,,,YES,NO,NO,YES,53053061200,612,053,061200,Good
57,0,57_0,20,47.242853,-122.479514,2219,19th St S & Lawrence,Pierce Transit,,,,,,YES,NO,NO,YES,53053061200,612,053,061200,Good
57,0,57_0,21,47.24252,-122.48276,2756,Union Ave S & S 19th St,Pierce Transit,,,,,,NO,NO,NO,YES,53053061100,611,053,061100,Good
57,0,57_0,22,47.239917,-122.482165,2759,Union Ave S & S 23rd St,Pierce Transit,,,,,,NO,NO,NO,YES,53053061100,611,053,061100,Good
57,0,57_0,23,47.237213,-122.481874,2769,Union Ave S & Tahoma Terrace Apts,Pierce Transit,,,,,,NO,NO,NO,YES,53053061100,611,053,061100,Good
57,0,57_0,24,47.23124,-122.482606,3036,Center St & Union Ave,Pierce Transit,,,,,,NO,NO,NO,YES,53053062600,626,053,062600,Good
57,0,57_0,25,47.232526,-122.479371,3037,Center St & Lawrence St,Pierce Transit,,,,,,NO,NO,NO,YES,53053062600,626,053,062600,Good
57,0,57_0,26,47.232492,-122.473733,1913,Pine St S & S Hood St,Pierce Transit,,,,,,NO,NO,NO,YES,53053062600,626,053,062600,Good
57,0,57_0,27,47.230376,-122.473659,1925,Pine St S & S Tacoma Wy,Pierce Transit,,,,,,NO,NO,NO,YES,53053062600,626,053,062600,Good
57,0,57_0,28,47.228163,-122.473155,2277,35th St S & S Pine St,Pierce Transit,,,,,,NO,NO,NO,YES,53053062600,626,053,062600,Good
57,0,57_0,29,47.227477,-122.469805,24887,Steele St S & California Ave S,Pierce Transit,,,,,,NO,NO,NO,YES,53053062600,626,053,062600,Good
57,0,57_0,30,47.224242,-122.46876,32606,Steele St S & S 37th St,Pierce Transit,,,,,,NO,NO,NO,YES,53053062600,626,053,062600,Good
57,0,57_0,31,47.220893,-122.466842,2685,Tacoma Mall Blvd & Steele St,Pierce Transit,,,,,,NO,NO,NO,YES,53053062600,626,053,062600,Good
57,0,57_0,32,47.218035,-122.463932,2682,Tacoma Mall Blvd & S 43rd St,Pierce Transit,,,,,,NO,NO,NO,YES,53053062600,626,053,062600,Good
57,0,57_0,33,47.213935,-122.465201,2322,48th St S & Tacoma Mall Blvd,Pierce Transit,,,,,,YES,YES,NO,YES,53053062600,626,053,062600,Good
57,0,57_0,34,47.214048,-122.469785,32020,Tacoma Mall TC - Zone K,Pierce Transit,,,,,,YES,NO,NO,YES,53053062600,626,053,062600,Good
57,1,57_1,1,47.214048,-122.469785,32020,Tacoma Mall TC - Zone K,Pierce Transit,,,,,,YES,NO,NO,YES,53053062600,626,053,062600,Good
57,1,57_1,2,47.214645,-122.463454,2683,Tacoma Mall Blvd & S 48th St,Pierce Transit,,,,,,NO,NO,NO,YES,53053062600,626,053,062600,Good
57,1,57_1,3,47.220987,-122.465826,2684,Tacoma Mall Blvd & Steele St,Pierce Transit,,,,,,NO,NO,NO,YES,53053062600,626,053,062600,Good
57,1,57_1,4,47.224525,-122.46869,23573,Steele St S & S 37th St,Pierce Transit,,,,,,NO,NO,NO,YES,53053062600,626,053,062600,Good
57,1,57_1,5,47.227517,-122.469681,7631,Steele St S & California Ave S,Pierce Transit,,,,,,NO,NO,NO,YES,53053062600,626,053,062600,Good
57,1,57_1,6,47.228258,-122.473356,2276,35th St S & S Pine St,Pierce Transit,,,,,,NO,NO,NO,YES,53053062600,626,053,062600,Good
57,1,57_1,7,47.230054,-122.473527,1924,Pine St S & S Tacoma Wy,Pierce Transit,,,,,,NO,NO,NO,YES,53053062600,626,053,062600,Good
57,1,57_1,8,47.232641,-122.47363,17716,Pine St S & S Center St,Pierce Transit,,,,,,NO,NO,NO,YES,53053062600,626,053,062600,Good
57,1,57_1,9,47.233654,-122.475519,3029,Center St & S Cedar St,Pierce Transit,,,,,,NO,NO,NO,YES,53053062801,628.01,053,062801,Good
57,1,57_1,10,47.232841,-122.478976,3030,Center St & Lawrence St,Pierce Transit,,,,,,NO,NO,NO,YES,53053062801,628.01,053,062801,Good
57,1,57_1,11,47.231309,-122.483071,3031,Center St & Union Ave,Pierce Transit,,,,,,NO,NO,NO,YES,53053062801,628.01,053,062801,Good
57,1,57_1,12,47.23656,-122.481678,2761,Union Ave S & Tacoma Ctrl Plaza,Pierce Transit,,,,,,NO,NO,NO,YES,53053061100,611,053,061100,Good
57,1,57_1,13,47.239427,-122.481941,2758,Union Ave S & S 23rd St,Pierce Transit,,,,,,NO,NO,NO,YES,53053061100,611,053,061100,Good
57,1,57_1,14,47.242748,-122.482454,2246,19th St S & S Union Ave,Pierce Transit,,,,,,YES,NO,NO,YES,53053061100,611,053,061100,Good
57,1,57_1,15,47.242749,-122.478709,21024,19th St S & S Lawrence St,Pierce Transit,,,,,,YES,NO,NO,YES,53053061100,611,053,061100,Good
57,1,57_1,16,47.242742,-122.475882,2216,19th St S & S Cedar St,Pierce Transit,,,,,,YES,NO,NO,YES,53053061700,617,053,061700,Good
57,1,57_1,17,47.242762,-122.472778,2213,19th St S & Anderson St,Pierce Transit,,,,,,YES,NO,NO,YES,53053061700,617,053,061700,Good
57,1,57_1,18,47.242664,-122.466935,2242,19th St S & Trafton St,Pierce Transit,,,,,,YES,NO,NO,YES,53053061700,617,053,061700,Good
57,1,57_1,19,47.241254,-122.465981,2706,Trafton St & State St,Pierce Transit,,,,,,NO,NO,NO,YES,53053061700,617,053,061700,Good
57,1,57_1,20,47.238243,-122.465327,2561,State St & S 24th St,Pierce Transit,,,,,,NO,NO,NO,YES,53053061700,617,053,061700,Good
57,1,57_1,21,47.236587,-122.461735,2258,25th St S & Hosmer St,Pierce Transit,,,,,,NO,NO,NO,YES,53053061700,617,053,061700,Good
57,1,57_1,22,47.236817,-122.455285,2257,25th St S & Ainsworth Ave,Pierce Transit,,,,,,NO,NO,NO,YES,53053061700,617,053,061700,Good
57,1,57_1,23,47.237193,-122.451706,2260,25th St S & S M St,Pierce Transit,,,,,,NO,NO,NO,YES,53053061700,617,053,061700,Good
57,1,57_1,24,47.237523,-122.448541,2262,25th St S & MLK WY,Pierce Transit,,,,,,NO,NO,NO,YES,53053061700,617,053,061700,Good
57,1,57_1,25,47.240162,-122.447501,1037,J St & S 23rd St,Pierce Transit,,,,,,NO,NO,NO,YES,53053061700,617,053,061700,Good
57,1,57_1,26,47.242032,-122.447919,1035,J St & S 21st St,Pierce Transit,,,,,,NO,NO,NO,YES,53053061700,617,053,061700,Good
57,1,57_1,27,47.243937,-122.447948,2223,19th St S & J St,Pierce Transit,,,,,,YES,NO,NO,YES,53053061700,617,053,061700,Good
57,1,57_1,28,47.244176,-122.445653,2254,19th St S & Yakima Ave,Pierce Transit,,,,,,YES,NO,NO,YES,53053061700,617,053,061700,Good
57,1,57_1,29,47.244801,-122.442559,2666,Tacoma Ave S & S 19th St,Pierce Transit,,,,,,NO,NO,NO,YES,53053061602,616.02,053,061602,Good
57,1,57_1,30,47.249696,-122.443675,2662,Tacoma Ave S & S 14th St,Pierce Transit,,,,,,NO,NO,NO,YES,53053061601,616.01,053,061601,Good
57,1,57_1,31,47.252644,-122.444352,2659,Tacoma Ave S & S 11th St,Pierce Transit,,,,,,NO,NO,NO,YES,53053061601,616.01,053,061601,Good
57,1,57_1,32,47.254904,-122.443589,2407,9th St S & Fawcett Ave,Pierce Transit,,,,,,YES,YES,NO,YES,53053061601,616.01,053,061601,Good
57,1,57_1,33,47.255163,-122.441183,2405,9th St S & Broadway,Pierce Transit,,,,,,YES,YES,NO,YES,53053061601,616.01,053,061601,Good
57,1,57_1,34,47.253717,-122.439563,16580,Commerce St Station - Zone C,Pierce Transit,,,,,,YES,YES,NO,YES,53053061601,616.01,053,061601,Good
574,0,574_0,11,47.240192,-122.424837,377411996,Tacoma Dome Station - Zone H,Pierce Transit,,,,,,NO,NO,NO,YES,53053060200,602,053,060200,Great
574,0,574_0,12,47.23877,-122.428923,32725,26th St E & D St E,Pierce Transit,,,,,,NO,NO,NO,YES,53053060200,602,053,060200,Great
574,1,574_1,3,47.239178,-122.429102,20806,D St E & 25th St E,Pierce Transit,,,,,,YES,NO,YES,YES,53053060200,602,053,060200,Great
574,1,574_1,4,47.240919,-122.426177,3046,Tacoma Dome Station - Zone A,Pierce Transit,,,,,,NO,NO,YES,YES,53053060200,602,053,060200,Great
586,0,586_0,9,47.240805,-122.426106,20163,Tacoma Dome Station - Zone E,Pierce Transit,,,,,,YES,YES,NO,YES,53053060200,602,053,060200,Good
586,1,586_1,1,47.240805,-122.426106,20163,Tacoma Dome Station - Zone E,Pierce Transit,,,,,,YES,YES,NO,YES,53053060200,602,053,060200,Great
590,0,590_0,12,47.240805,-122.426106,20163,Tacoma Dome Station - Zone E,Pierce Transit,,,,,,YES,YES,NO,YES,53053060200,602,053,060200,Good
590,0,590_0,13,47.240368,-122.435553,1629,Pacific Ave & S 24th St,Pierce Transit,,,,,,YES,YES,NO,YES,53053061602,616.02,053,061602,Good
590,0,590_0,14,47.245089,-122.436492,1678,Pacific Ave & S 19th St,Pierce Transit,,,,,,YES,YES,NO,YES,53053060200,602,053,060200,Good
590,0,590_0,15,47.250254,-122.437883,27574,Pacific Ave & S 14th St,Pierce Transit,,,,,,YES,YES,NO,YES,53053061601,616.01,053,061601,Good
590,0,590_0,16,47.255044,-122.439747,15624,Commerce St Station - Zone G,Pierce Transit,,,,,,YES,YES,NO,YES,53053061601,616.01,053,061601,Good
590,1,590_1,1,47.253471,-122.439505,24466,Commerce St Station - Zone D,Pierce Transit,,,,,,NO,NO,YES,YES,53053061601,616.01,053,061601,Great
590,1,590_1,2,47.250225,-122.438019,26174,Pacific Ave & S 14th St,Pierce Transit,,,,,,YES,YES,YES,YES,53053061601,616.01,053,061601,Great
590,1,590_1,3,47.244818,-122.436784,1677,Pacific Ave & S 19th St,Pierce Transit,,,,,,YES,YES,YES,YES,53053061602,616.02,053,061602,Great
590,1,590_1,4,47.24001,-122.435137,2059,24th St S & Pacific Ave,Pierce Transit,,,,,,YES,YES,NO,YES,53053061602,616.02,053,061602,Great
590,1,590_1,5,47.240967,-122.425724,27454,Tacoma Dome Station - Zone B,Pierce Transit,,,,,,NO,NO,YES,YES,53053060200,602,053,060200,Great
594,0,594_0,12,47.240805,-122.426106,20163,Tacoma Dome Station - Zone E,Pierce Transit,,,,,,YES,YES,NO,YES,53053060200,602,053,060200,Great
594,0,594_0,13,47.240368,-122.435553,1629,Pacific Ave & S 24th St,Pierce Transit,,,,,,YES,YES,NO,YES,53053061602,616.02,053,061602,Great
594,0,594_0,14,47.245089,-122.436492,1678,Pacific Ave & S 19th St,Pierce Transit,,,,,,YES,YES,NO,YES,53053060200,602,053,060200,Great
594,0,594_0,15,47.250254,-122.437883,27574,Pacific Ave & S 14th St,Pierce Transit,,,,,,YES,YES,NO,YES,53053061601,616.01,053,061601,Great
594,0,594_0,16,47.255044,-122.439747,15624,Commerce St Station - Zone G,Pierce Transit,,,,,,YES,YES,NO,YES,53053061601,616.01,053,061601,Great
594,1,594_1,3,47.253471,-122.439505,24466,Commerce St Station - Zone D,Pierce Transit,,,,,,NO,NO,YES,YES,53053061601,616.01,053,061601,Great
594,1,594_1,4,47.250225,-122.438019,26174,Pacific Ave & S 14th St,Pierce Transit,,,,,,YES,YES,YES,YES,53053061601,616.01,053,061601,Great
594,1,594_1,5,47.244818,-122.436784,1677,Pacific Ave & S 19th St,Pierce Transit,,,,,,YES,YES,YES,YES,53053061602,616.02,053,061602,Great
594,1,594_1,6,47.24001,-122.435137,2059,24th St S & Pacific Ave,Pierce Transit,,,,,,YES,YES,NO,YES,53053061602,616.02,053,061602,Great
594,1,594_1,7,47.240967,-122.425724,27454,Tacoma Dome Station - Zone B,Pierce Transit,,,,,,NO,NO,YES,YES,53053060200,602,053,060200,Great
595,0,595_0,12,47.240192,-122.424837,377411996,Tacoma Dome Station - Zone H,Pierce Transit,,,,,,NO,NO,NO,YES,53053060200,602,053,060200,Good
595,0,595_0,13,47.243555,-122.526257,12066,TCC TC - Zone M,Pierce Transit,,,,,,NO,NO,NO,NO,53053061002,610.02,053,061002,Good
595,0,595_0,14,47.255558,-122.532376,348,6th Ave & Skyline Dr N,Pierce Transit,,,,,,NO,NO,NO,YES,53053061001,610.01,053,061001,Good
595,1,595_1,3,47.255459,-122.532797,327,6th Ave & S MacArthur,Pierce Transit,,,,,,NO,NO,NO,YES,53053061001,610.01,053,061001,Great
595,1,595_1,4,47.243482,-122.525624,8918,TCC TC - Zone C,Pierce Transit,,,,,,NO,NO,NO,NO,53053061002,610.02,053,061002,Great
595,1,595_1,5,47.240967,-122.425724,27454,Tacoma Dome Station - Zone B,Pierce Transit,,,,,,NO,NO,YES,YES,53053060200,602,053,060200,Great
STCL,0,STCL_0,1,47.240919,-122.426177,3046,Tacoma Dome Station - Zone A,Pierce Transit,,,,,,NO,NO,YES,YES,53053060200,602,053,060200,Great
STCL,0,STCL_0,2,47.223256,-122.434147,1697,Pacific Ave & S 38th St,Pierce Transit,,,,,,YES,YES,NO,YES,53053061900,619,053,061900,Great
STCL,0,STCL_0,3,47.206254,-122.434083,1715,Pacific Ave & S 56th St,Pierce Transit,,,,,,YES,YES,NO,YES,53053063200,632,053,063200,Great
STCL,0,STCL_0,4,47.191953,-122.434135,1728,Pacific Ave & S 72nd St,Pierce Transit,,,,,,YES,YES,NO,YES,53053063200,632,053,063200,Great
STCL,0,STCL_0,5,47.180755,-122.434187,1739,Pacific Ave & S 84th St,Pierce Transit,,,,,,YES,YES,NO,YES,53053063402,634.02,053,063402,Great
STCL,0,STCL_0,6,47.170481,-122.434188,1743,Pacific Ave & S 96th St,Pierce Transit,,,,,,YES,YES,NO,YES,53053063402,634.02,053,063402,Great
STCL,1,STCL_1,9,47.170311,-122.434033,1744,Pacific Ave & S 96th St,Pierce Transit,,,,,,YES,YES,NO,YES,53053063402,634.02,053,063402,Great
STCL,1,STCL_1,10,47.181226,-122.434035,1740,Pacific Ave & S 84th St,Pierce Transit,,,,,,YES,YES,NO,YES,53053063401,634.01,053,063401,Great
STCL,1,STCL_1,11,47.192134,-122.433985,1729,Pacific Ave & S 72nd St,Pierce Transit,,,,,,YES,YES,NO,YES,53053063200,632,053,063200,Great
STCL,1,STCL_1,12,47.20627,-122.433967,1714,Pacific Ave & S 56th St,Pierce Transit,,,,,,YES,YES,NO,YES,53053063200,632,053,063200,Great
STCL,1,STCL_1,13,47.22347,-122.433961,1696,Pacific Ave & S 38th St,Pierce Transit,,,,,,YES,YES,NO,YES,53053061900,619,053,061900,Great
STCL,1,STCL_1,14,47.238662,-122.428865,568076058,E 26th St & E D St,Pierce Transit,,,,,,NO,NO,NO,NO,53053060200,602,053,060200,Great
STCL,1,STCL_1,15,47.240857,-122.425418,6234,Tacoma Dome Station - Zone D,Pierce Transit,,,,,,YES,YES,NO,YES,53053060200,602,053,060200,Great
SNDR_TL,1,SNDR_TL_1,2,47.203491,-122.485552,S_ST,South Tacoma Station,Sound Transit,,,,,,NO,NO,NO,NO,53053062600,626,053,062600,Poor
SNDR_TL,1,SNDR_TL_1,3,47.239443,-122.428193,S_TD,Tacoma Dome Station,Sound Transit,,,,,,NO,NO,NO,NO,53053060200,602,053,060200,Poor
TLINE,0,TLINE_0,1,47.245392,-122.450202,T25-T2,St Joseph,Sound Transit,,,,,,YES,YES,NO,YES,53053061400,614,053,061400,Great
TLINE,0,TLINE_0,2,47.251838,-122.451671,T23-T2,Hilltop District,Sound Transit,,,,,,YES,YES,NO,YES,53053061400,614,053,061400,Great
TLINE,0,TLINE_0,3,47.256985,-122.452842,T21-T2,6th Ave,Sound Transit,,,,,,YES,YES,NO,YES,53053061501,615.01,053,061501,Great
TLINE,0,TLINE_0,4,47.260145,-122.453558,T19-T2,Tacoma General,Sound Transit,,,,,,YES,YES,NO,YES,53053061501,615.01,053,061501,Great
TLINE,0,TLINE_0,5,47.263956,-122.448921,T17-T2,Stadium District,Sound Transit,,,,,,YES,YES,NO,YES,53053061502,615.02,053,061502,Great
TLINE,0,TLINE_0,6,47.261224,-122.442654,T15-T2,S 4th,Sound Transit,,,,,,YES,YES,NO,YES,53053061502,615.02,053,061502,Great
TLINE,0,TLINE_0,7,47.257689,-122.440423,T13-T2,Old City Hall,Sound Transit,,,,,,YES,YES,NO,YES,53053061601,616.01,053,061601,Great
TLINE,0,TLINE_0,8,47.252651,-122.439308,T09-T2,Theater District,Sound Transit,,,,,,YES,YES,NO,YES,53053061601,616.01,053,061601,Great
TLINE,0,TLINE_0,9,47.249493,-122.438656,T07-T2,Convention Center,Sound Transit,,,,,,YES,YES,NO,YES,53053061601,616.01,053,061601,Great
TLINE,0,TLINE_0,10,47.24477,-122.436628,T05-T2,Union Station,Sound Transit,,,,,,YES,YES,NO,YES,53053060200,602,053,060200,Great
TLINE,0,TLINE_0,11,47.239081,-122.434202,T03,S 25th,Sound Transit,,,,,,YES,YES,YES,YES,53053061602,616.02,053,061602,Great
TLINE,0,TLINE_0,12,47.239868,-122.428118,T01,Tacoma Dome,Sound Transit,,,,,,YES,YES,YES,YES,53053060200,602,053,060200,Great
TLINE,1,TLINE_1,1,47.239868,-122.428118,T01,Tacoma Dome,Sound Transit,,,,,,YES,YES,YES,YES,53053060200,602,053,060200,Great
TLINE,1,TLINE_1,2,47.239081,-122.434202,T03,S 25th,Sound Transit,,,,,,YES,YES,YES,YES,53053061602,616.02,053,061602,Great
TLINE,1,TLINE_1,3,47.244915,-122.436616,T05-T1,Union Station,Sound Transit,,,,,,YES,YES,NO,YES,53053060200,602,053,060200,Great
TLINE,1,TLINE_1,4,47.249514,-122.4385,T07-T1,Convention Center,Sound Transit,,,,,,YES,YES,NO,YES,53053061601,616.01,053,061601,Great
TLINE,1,TLINE_1,5,47.253016,-122.439266,T09-T1,Theater District,Sound Transit,,,,,,YES,YES,NO,YES,53053061601,616.01,053,061601,Great
TLINE,1,TLINE_1,6,47.2578,-122.440413,T13-T1,Old City Hall,Sound Transit,,,,,,YES,YES,NO,YES,53053061601,616.01,053,061601,Great
TLINE,1,TLINE_1,7,47.261428,-122.442799,T15-T1,S 4th,Sound Transit,,,,,,YES,YES,NO,YES,53053061502,615.02,053,061502,Great
TLINE,1,TLINE_1,8,47.263816,-122.449052,T17-T1,Stadium District,Sound Transit,,,,,,YES,YES,NO,YES,53053061502,615.02,053,061502,Great
TLINE,1,TLINE_1,9,47.260036,-122.453565,T19-T1,Tacoma General,Sound Transit,,,,,,YES,YES,NO,YES,53053061501,615.01,053,061501,Great
TLINE,1,TLINE_1,10,47.256867,-122.452839,T21-T1,6th Ave,Sound Transit,,,,,,YES,YES,NO,YES,53053061501,615.01,053,061501,Great
TLINE,1,TLINE_1,11,47.251708,-122.451667,T23-T1,Hilltop District,Sound Transit,,,,,,YES,YES,NO,YES,53053061400,614,053,061400,Great
TLINE,1,TLINE_1,12,47.245186,-122.450179,T25-T1,St Joseph,Sound Transit,,,,,,YES,YES,NO,YES,53053061400,614,053,061400,Great
1621,0,1621_0,1,47.30555,-122.514242,16,Point Defiance,Washington State Ferries,,,,,,YES,YES,NO,YES,53053060300,603,053,060300,Good
2116,0,2116_0,2,47.30555,-122.514242,16,Point Defiance,Washington State Ferries,,,,,,YES,YES,NO,YES,53053060300,603,053,060300,Good
